record_id|year|data_type|category|revenue_source|budget_amount|budget_status|description|source_title|source_url|source_type
BR2023_0002|2023|Revenue|Local Taxes / Rates|Local taxes/rates|1.0|Revised Budget|"01 | Local taxes/rates"|Approved Budget 2023|https://www.mufuliracouncil.gov.zm/wp-content/uploads/2025/12/Approved-Budget-2023.pdf|Annual Budget
BR2023_0003|2023|Revenue|Local Taxes / Rates|Industrial/Commercial|8081551.0|Revised Budget|"002 | Industrial/Commercial | 7,469,086 | 8,081,551"|Approved Budget 2023|https://www.mufuliracouncil.gov.zm/wp-content/uploads/2025/12/Approved-Budget-2023.pdf|Annual Budget
BR2023_0004|2023|Revenue|Local Taxes / Rates|Mining|30471258.0|Revised Budget|"003 | Mining/Plant | 28,161,976 | 30,471,258"|Approved Budget 2023|https://www.mufuliracouncil.gov.zm/wp-content/uploads/2025/12/Approved-Budget-2023.pdf|Annual Budget
BR2023_0005|2023|Revenue|Local Taxes / Rates||50342746.0|Revised Budget|"SubItem Total | 43,362,061 | 46,917,750 | 50,342,746"|Approved Budget 2023|https://www.mufuliracouncil.gov.zm/wp-content/uploads/2025/12/Approved-Budget-2023.pdf|Annual Budget
BR2023_0006|2023|Revenue|Local Taxes / Rates|Levy|220593.0|Revised Budget|"001 | Personal levy | 190,005 | 205,585 | 220,593"|Approved Budget 2023|https://www.mufuliracouncil.gov.zm/wp-content/uploads/2025/12/Approved-Budget-2023.pdf|Annual Budget
BR2023_0007|2023|Revenue|Local Taxes / Rates||220593.0|Revised Budget|"SubItem Total | 190,005 | 205,585 | 220,593"|Approved Budget 2023|https://www.mufuliracouncil.gov.zm/wp-content/uploads/2025/12/Approved-Budget-2023.pdf|Annual Budget
BR2023_0009|2023|Revenue|Fees and Charges|Fees and Charges|2.0|Revised Budget|"02 | Fees and Charges"|Approved Budget 2023|https://www.mufuliracouncil.gov.zm/wp-content/uploads/2025/12/Approved-Budget-2023.pdf|Annual Budget
BR2023_0010|2023|Revenue|Fees and Charges|Consent Fees|5.688834481491679|Revised Budget|"001 | Consent fees | 49,000 | 53,018 | 56,888 34,481 491,678 640,284 19,375 643,297 296,033 129,566 17,299 699,379 813 1,122,540 40,653 527,041 48,587 63,274 4,644 51,316 15,813 199,690 32,043 116,099 198,529 179,372 204,566 592,104 14,280 5,480,097"|Approved Budget 2023|https://www.mufuliracouncil.gov.zm/wp-content/uploads/2025/12/Approved-Budget-2023.pdf|Annual Budget
BR2023_0011|2023|Revenue|Fees and Charges|Survey Fees|32135.0|Revised Budget|"002 | Survey fees | 29,700 | 32,135"|Approved Budget 2023|https://www.mufuliracouncil.gov.zm/wp-content/uploads/2025/12/Approved-Budget-2023.pdf|Annual Budget
BR2023_0012|2023|Revenue|Fees and Charges|Rent|635123.0|Revised Budget|"007 | Rentals/lease of Council’s properties | 586,990 | 635,123"|Approved Budget 2023|https://www.mufuliracouncil.gov.zm/wp-content/uploads/2025/12/Approved-Budget-2023.pdf|Annual Budget
BR2023_0013|2023|Revenue|Fees and Charges|Rent|120751.0|Revised Budget|"009 | Rentals from houses | 111,600 | 120,751"|Approved Budget 2023|https://www.mufuliracouncil.gov.zm/wp-content/uploads/2025/12/Approved-Budget-2023.pdf|Annual Budget
BR2023_0014|2023|Revenue|Fees and Charges|Market Fees|1046170.0|Revised Budget|"013 | Market fees | 966,885 | 1,046,170"|Approved Budget 2023|https://www.mufuliracouncil.gov.zm/wp-content/uploads/2025/12/Approved-Budget-2023.pdf|Annual Budget
BR2023_0015|2023|Revenue|Fees and Charges|Parking Fees|37887.0|Revised Budget|"014 | Parking fees | 35,016 | 37,887"|Approved Budget 2023|https://www.mufuliracouncil.gov.zm/wp-content/uploads/2025/12/Approved-Budget-2023.pdf|Annual Budget
BR2023_0016|2023|Revenue|Fees and Charges|Bus Station Fees|491185.0|Revised Budget|"016 | Bus station fees | 453,960 | 491,185"|Approved Budget 2023|https://www.mufuliracouncil.gov.zm/wp-content/uploads/2025/12/Approved-Budget-2023.pdf|Annual Budget
BR2023_0017|2023|Revenue|Fees and Charges|Levy|185022.0|Revised Budget|"053 | Communication mast levy | 171,000 | 185,022"|Approved Budget 2023|https://www.mufuliracouncil.gov.zm/wp-content/uploads/2025/12/Approved-Budget-2023.pdf|Annual Budget
BR2023_0018|2023|Revenue|Fees and Charges|Lease of council transport|190648.0|Revised Budget|"062 | Lease of council transport | 176,200 | 190,648"|Approved Budget 2023|https://www.mufuliracouncil.gov.zm/wp-content/uploads/2025/12/Approved-Budget-2023.pdf|Annual Budget
BR2023_0019|2023|Revenue|Fees and Charges|Other fees and charges|5132046.0|Revised Budget|"099 | Other fees and charges | 4,770,664 | 5,132,046"|Approved Budget 2023|https://www.mufuliracouncil.gov.zm/wp-content/uploads/2025/12/Approved-Budget-2023.pdf|Annual Budget
BR2023_0020|2023|Revenue|Fees and Charges||11919739.0|Revised Budget|"SubItem Total | 10,350,231 | 11,169,139 | 11,919,739"|Approved Budget 2023|https://www.mufuliracouncil.gov.zm/wp-content/uploads/2025/12/Approved-Budget-2023.pdf|Annual Budget
BR2023_0022|2023|Revenue|Fees and Charges|Licenses|3.0|Revised Budget|"03 | Licenses"|Approved Budget 2023|https://www.mufuliracouncil.gov.zm/wp-content/uploads/2025/12/Approved-Budget-2023.pdf|Annual Budget
BR2023_0023|2023|Revenue|Fees and Charges|Liquor licence|8.35918707441273|Revised Budget|"001 | Liquor licence | 72,000 | 77,904 | 83,591 87,074 412,731 212,809 242,810"|Approved Budget 2023|https://www.mufuliracouncil.gov.zm/wp-content/uploads/2025/12/Approved-Budget-2023.pdf|Annual Budget
BR2023_0024|2023|Revenue|Fees and Charges|Firearm and ammunition licence|81150.0|Revised Budget|"002 | Firearm and ammunition licence | 75,000 | 81,150"|Approved Budget 2023|https://www.mufuliracouncil.gov.zm/wp-content/uploads/2025/12/Approved-Budget-2023.pdf|Annual Budget
BR2023_0025|2023|Revenue|Fees and Charges|Ocupancy licence|384651.0|Revised Budget|"055 | Ocupancy licence | 355,500 | 384,651"|Approved Budget 2023|https://www.mufuliracouncil.gov.zm/wp-content/uploads/2025/12/Approved-Budget-2023.pdf|Annual Budget
BR2023_0026|2023|Revenue|Fees and Charges|Restaurant licence|198331.0|Revised Budget|"061 | Restaurant licence | 183,300 | 198,331"|Approved Budget 2023|https://www.mufuliracouncil.gov.zm/wp-content/uploads/2025/12/Approved-Budget-2023.pdf|Annual Budget
BR2023_0027|2023|Revenue|Fees and Charges|Other licences|234669.0|Revised Budget|"099 | Other licences | 226,100 | 234,669"|Approved Budget 2023|https://www.mufuliracouncil.gov.zm/wp-content/uploads/2025/12/Approved-Budget-2023.pdf|Annual Budget
BR2023_0028|2023|Revenue|Fees and Charges||1039014.0|Revised Budget|"SubItem Total | 911,900 | 976,705 | 1,039,014"|Approved Budget 2023|https://www.mufuliracouncil.gov.zm/wp-content/uploads/2025/12/Approved-Budget-2023.pdf|Annual Budget
BR2023_0029|2023|Revenue|Fees and Charges|Levies|4.0|Revised Budget|"04 | Levies"|Approved Budget 2023|https://www.mufuliracouncil.gov.zm/wp-content/uploads/2025/12/Approved-Budget-2023.pdf|Annual Budget
BR2023_0030|2023|Revenue|Fees and Charges|Levy|2458971044887.0|Revised Budget|"004 | Pole levy | 211,800 | 229,168 | 245,897 1,044,887"|Approved Budget 2023|https://www.mufuliracouncil.gov.zm/wp-content/uploads/2025/12/Approved-Budget-2023.pdf|Annual Budget
BR2023_0031|2023|Revenue|Fees and Charges|Levy|973800.0|Revised Budget|"010 | Business Levy | 900,000 | 973,800"|Approved Budget 2023|https://www.mufuliracouncil.gov.zm/wp-content/uploads/2025/12/Approved-Budget-2023.pdf|Annual Budget
BR2023_0032|2023|Revenue|Fees and Charges||1290784.0|Revised Budget|"SubItem Total | 1,111,800 | 1,202,968 | 1,290,784"|Approved Budget 2023|https://www.mufuliracouncil.gov.zm/wp-content/uploads/2025/12/Approved-Budget-2023.pdf|Annual Budget
BR2023_0033|2023|Revenue|Fees and Charges|Permits|5.0|Revised Budget|"05 | Permits"|Approved Budget 2023|https://www.mufuliracouncil.gov.zm/wp-content/uploads/2025/12/Approved-Budget-2023.pdf|Annual Budget
BR2023_0034|2023|Revenue|Fees and Charges|Health permits|6.723272205938108|Revised Budget|"001 | Health permits | 579,100 | 626,586 | 672,327 22,059 381,082 1,073,854 197,217"|Approved Budget 2023|https://www.mufuliracouncil.gov.zm/wp-content/uploads/2025/12/Approved-Budget-2023.pdf|Annual Budget
BR2023_0035|2023|Revenue|Fees and Charges|Nursery , pre school permits|20558.0|Revised Budget|"007 | Nursery , pre school permits | 19,000 | 20,558"|Approved Budget 2023|https://www.mufuliracouncil.gov.zm/wp-content/uploads/2025/12/Approved-Budget-2023.pdf|Annual Budget
BR2023_0036|2023|Revenue|Fees and Charges|Burial permits and grave sites|355156.0|Revised Budget|"008 | Burial permits and grave sites | 328,240 | 355,156"|Approved Budget 2023|https://www.mufuliracouncil.gov.zm/wp-content/uploads/2025/12/Approved-Budget-2023.pdf|Annual Budget
BR2023_0037|2023|Revenue|Fees and Charges|Other permits|183940.0|Revised Budget|"099 | Other permits | 170,000 | 183,940"|Approved Budget 2023|https://www.mufuliracouncil.gov.zm/wp-content/uploads/2025/12/Approved-Budget-2023.pdf|Annual Budget
BR2023_0038|2023|Revenue|Fees and Charges||2346539.0|Revised Budget|"SubItem Total | 2,021,290 | 2,187,036 | 2,346,539"|Approved Budget 2023|https://www.mufuliracouncil.gov.zm/wp-content/uploads/2025/12/Approved-Budget-2023.pdf|Annual Budget
BR2023_0039|2023|Revenue|Fees and Charges|Premium Plot – Commercial|357060.0|Revised Budget|"004 | Premium Plot – Commercial | 330,000 | 357,060"|Approved Budget 2023|https://www.mufuliracouncil.gov.zm/wp-content/uploads/2025/12/Approved-Budget-2023.pdf|Annual Budget
BR2023_0040|2023|Revenue|Fees and Charges||3286751.0|Revised Budget|"SubItem Total | 2,831,000 | 3,063,142 | 3,286,751"|Approved Budget 2023|https://www.mufuliracouncil.gov.zm/wp-content/uploads/2025/12/Approved-Budget-2023.pdf|Annual Budget
BR2023_0041|2023|Revenue|Grants|Rent|13373409.0|Revised Budget|"003 | Recurrent Grant | 11,519,010 | 12,463,569 | 13,373,409"|Approved Budget 2023|https://www.mufuliracouncil.gov.zm/wp-content/uploads/2025/12/Approved-Budget-2023.pdf|Annual Budget
BR2023_0042|2023|Revenue|Grants||13373409.0|Revised Budget|"SubItem Total | 11,519,010 | 12,463,569 | 13,373,409"|Approved Budget 2023|https://www.mufuliracouncil.gov.zm/wp-content/uploads/2025/12/Approved-Budget-2023.pdf|Annual Budget
BR2023_0044|2023|Revenue|Grants||98567711.0|Revised Budget|"SubItem Total | 84,900,000 | 91,861,800 | 98,567,711"|Approved Budget 2023|https://www.mufuliracouncil.gov.zm/wp-content/uploads/2025/12/Approved-Budget-2023.pdf|Annual Budget
BR2023_0045|2023|Budget|Grants|Code|2023.0|Approved Budget|"Code | Programme | 2021 Approved Budget(K) | 2022 Approved Budget(K) | 2023 Budget(K) Estimates"|Approved Budget 2023|https://www.mufuliracouncil.gov.zm/wp-content/uploads/2025/12/Approved-Budget-2023.pdf|Annual Budget
BR2023_0046|2023|Budget|Grants|No|2023.0|Approved Budget|"No | ECONOMIC CLASSIFICATION | 2021 APPROVED BUDGET (K) | 2022 APPROVED BUDGET (K) | 2023 BUDGET ESTIMATE (K)"|Approved Budget 2023|https://www.mufuliracouncil.gov.zm/wp-content/uploads/2025/12/Approved-Budget-2023.pdf|Annual Budget
BR2023_0047|2023|Budget|Personal Emoluments|PROGRAMME/SUB-PROGRAMME|2023.0|Budget Estimate|"PROGRAMME/SUB-PROGRAMME | 2021 BUDGET | 2022 BUDGET | 2023 BUDGET ESTIMATE"|Approved Budget 2023|https://www.mufuliracouncil.gov.zm/wp-content/uploads/2025/12/Approved-Budget-2023.pdf|Annual Budget
BR2023_0048|2023|Revenue|Expenditure|031 Street Lighting 7 Recreation Culture and Religion 039 Library Services 042 Sports Promotion 8 Education and Skills Development 005 Early Childhood Education 010 Adult Literacy 10 Public Order and Safety 014 Building Regulations 018 Community Policing 041 Fire Protection Services 11 Management and Support Services 001 (cid:9)Human Resource and Administration 009 Executive Management 016 (cid:9)Procurement 028 (cid:9)Auditing 035 (cid:9)Accounting 036 Legal 064 Revenue Collection 066 (cid:9)Revenue Reporting 12 Resource Mobilisation and Management 067 Revenue Mobilisation 068 Revenue Enhancement 069 Revenue Management|1.6330212131611532|Approved Budget|"031 Street Lighting 7 Recreation Culture and Religion 039 Library Services 042 Sports Promotion 8 Education and Skills Development 005 Early Childhood Education 010 Adult Literacy 10 Public Order and Safety 014 Building Regulations 018 Community Policing 041 Fire Protection Services 11 Management and Support Services 001 (cid:9)Human Resource and Administration 009 Executive Management 016 (cid:9)Procurement 028 (cid:9)Auditing 035 (cid:9)Accounting 036 Legal 064 Revenue Collection 066 (cid:9)Revenue Reporting 12 Resource Mobilisation and Management 067 Revenue Mobilisation 068 Revenue Enhancement 069 Revenue Management | - - - - - - - - - - - - - - - - - - (0) - - - - - | - | 512,920 2,143,931 54,130 2,089,801 348,986 128,516 220,470 1,903,334 522,660 178,420 1,202,254 47,259,004 24,285,672 3,064,430 790,197 581,936 14,776,889 3,108,596 (0) 651,285 5,748,464 2,460,150 1,896,384 1,391,930 | - | 1,633,021 2,131,611 533,050 1,598,561 233,620 68,660 164,960 1,683,722 343,400 182,360 1,157,962 44,568,645 30,721,773 2,266,568 645,657 387,061 7,259,115 2,534,711 300,000 453,761 3,817,257 1,411,624 1,425,283 980,350"|Approved Budget 2023|https://www.mufuliracouncil.gov.zm/wp-content/uploads/2025/12/Approved-Budget-2023.pdf|Annual Budget
BR2023_0049|2023|Budget|Expenditure|ECONOMIC CLASSIFICATION|2023.0|Actual|"ECONOMIC CLASSIFICATION | 2021 BUDGET | 2022 BUDGET | 2023 BUDGET"|Approved Budget 2023|https://www.mufuliracouncil.gov.zm/wp-content/uploads/2025/12/Approved-Budget-2023.pdf|Annual Budget
BR2023_0050|2023|Budget|Goods and Services|02 Use of Goods and Services 00 General Budget Item|8490000084900000.0|Approved Budget|"02 Use of Goods and Services 00 General Budget Item | Use of Goods and Services | - | - | 77,100,000 77,100,000 | - - | 84,900,000 84,900,000"|Approved Budget 2023|https://www.mufuliracouncil.gov.zm/wp-content/uploads/2025/12/Approved-Budget-2023.pdf|Annual Budget
BR2023_0051|2023|Budget|Goods and Services|ECONOMIC CLASSIFICATION|2023.0|Actual|"ECONOMIC CLASSIFICATION | 2021 BUDGET | 2022 BUDGET | 2023 BUDGET"|Approved Budget 2023|https://www.mufuliracouncil.gov.zm/wp-content/uploads/2025/12/Approved-Budget-2023.pdf|Annual Budget
BR2023_0052|2023|Expenditure|Expenditure|02 Use of Goods and Services 00 General Budget Item 04 Assets 01 Non-Financial Assets (Capital Expenditure)|1.8869601886960472|Approved Budget|"02 Use of Goods and Services 00 General Budget Item 04 Assets 01 Non-Financial Assets (Capital Expenditure) | Use of Goods and Services | - | - | 2,107,805 2,107,805 285,200 285,200 | - - - | 1,886,960 1,886,960 47,200 47,200"|Approved Budget 2023|https://www.mufuliracouncil.gov.zm/wp-content/uploads/2025/12/Approved-Budget-2023.pdf|Annual Budget
BR2023_0053|2023|Expenditure|Expenditure|01 Personal Emoluments 01 Salaries and Wages 02 Use of Goods and Services 00 General Budget Item 04 Assets 01 Non-Financial Assets (Capital Expenditure)|6.668006668009819|Approved Budget|"01 Personal Emoluments 01 Salaries and Wages 02 Use of Goods and Services 00 General Budget Item 04 Assets 01 Non-Financial Assets (Capital Expenditure) | Personal Emoluments | - - - | - | 666,800 666,800 981,850 981,850 435,000 435,000 | - | 666,800 666,800 419,895 419,895 - -"|Approved Budget 2023|https://www.mufuliracouncil.gov.zm/wp-content/uploads/2025/12/Approved-Budget-2023.pdf|Annual Budget
BR2023_0054|2023|Revenue|Goods and Services|01 Number of kilometres of Township Roads graded and gravelled 02 Number of Parks and Gardens maintained 03 Number of Kilometres of drainages disilted 04 Number of Council buildings maintained 06 Construction of a truck parking bay|2025031.0|Actual|"01 Number of kilometres of Township Roads graded and gravelled 02 Number of Parks and Gardens maintained 03 Number of Kilometres of drainages disilted 04 Number of Council buildings maintained 06 Construction of a truck parking bay | - - - - - | - - - - - | 20 2 50 3 - | 10 2 50 1 - | 20 2 50 3 1"|Approved Budget 2023|https://www.mufuliracouncil.gov.zm/wp-content/uploads/2025/12/Approved-Budget-2023.pdf|Annual Budget
BR2023_0055|2023|Expenditure|Expenditure|02 Use of Goods and Services 00 General Budget Item 04 Assets 01 Non-Financial Assets (Capital Expenditure)|3.205863205862842|Approved Budget|"02 Use of Goods and Services 00 General Budget Item 04 Assets 01 Non-Financial Assets (Capital Expenditure) | Use of Goods and Services | - | - | 320,586 320,586 28,400 28,400 | - - - | 233,620 233,620 - -"|Approved Budget 2023|https://www.mufuliracouncil.gov.zm/wp-content/uploads/2025/12/Approved-Budget-2023.pdf|Annual Budget
BR2023_0056|2023|Revenue|Expenditure|01 Number of Fire certificates issued 02 Number of building sites inspected 03 Number of building permits issued 04 Number of building plans scrutinised 05 Number of routine Police patrols conducted 06 Number of Fire Safety Trainings conducted|500350300350244.0|Actual|"01 Number of Fire certificates issued 02 Number of building sites inspected 03 Number of building permits issued 04 Number of building plans scrutinised 05 Number of routine Police patrols conducted 06 Number of Fire Safety Trainings conducted | - - - - - - | - - - - - - | 120 72 80 80 24 4 | 312 350 300 350 24 1 | 500 350 300 350 24 4"|Approved Budget 2023|https://www.mufuliracouncil.gov.zm/wp-content/uploads/2025/12/Approved-Budget-2023.pdf|Annual Budget
BR2023_0057|2023|Expenditure|Expenditure|01 Personal Emoluments 01 Salaries and Wages 02 Use of Goods and Services 00 General Budget Item 04 Assets 01 Non-Financial Assets (Capital Expenditure)|2.880002880007071|Approved Budget|"01 Personal Emoluments 01 Salaries and Wages 02 Use of Goods and Services 00 General Budget Item 04 Assets 01 Non-Financial Assets (Capital Expenditure) | Personal Emoluments | - - - | - | 288,000 288,000 1,564,234 1,564,234 51,100 51,100 | - | 288,000 288,000 707,055 707,055 688,667 688,667"|Approved Budget 2023|https://www.mufuliracouncil.gov.zm/wp-content/uploads/2025/12/Approved-Budget-2023.pdf|Annual Budget
BR2023_0058|2023|Revenue|Goods and Services|01 Number of Automated Revenue Collection points established 02 Number of Revenue Collection reports generated and submitted per week 03 Mufulira Municipal Council Website Developed 04 Mobile Money Payment System launched 05 Number of Revenue Collection Agents recruited and trained|551115.0|Actual|"01 Number of Automated Revenue Collection points established 02 Number of Revenue Collection reports generated and submitted per week 03 Mufulira Municipal Council Website Developed 04 Mobile Money Payment System launched 05 Number of Revenue Collection Agents recruited and trained | - - - - - | - - - - - | 5 5 1 1 15 | - 5 1 - 15 | 5 5 - 1 (0)"|Approved Budget 2023|https://www.mufuliracouncil.gov.zm/wp-content/uploads/2025/12/Approved-Budget-2023.pdf|Annual Budget
BR2023_0059|2023|Expenditure|Expenditure|01 Personal Emoluments 01 Salaries and Wages 02 Use of Goods and Services 00 General Budget Item 04 Assets 01 Non-Financial Assets (Capital Expenditure)|4.8630048630020175|Approved Budget|"01 Personal Emoluments 01 Salaries and Wages 02 Use of Goods and Services 00 General Budget Item 04 Assets 01 Non-Financial Assets (Capital Expenditure) | Personal Emoluments | - - - | - | 460,800 460,800 2,908,430 2,908,430 2,379,234 2,379,234 | - | 486,300 486,300 2,018,107 2,018,107 1,312,850 1,312,850"|Approved Budget 2023|https://www.mufuliracouncil.gov.zm/wp-content/uploads/2025/12/Approved-Budget-2023.pdf|Annual Budget
BR2024_0002|2024|Revenue|Local Taxes / Rates|Local taxes/rates|1.0|Revised Budget|"01 | Local taxes/rates"|Approved Budget 2024|https://www.mufuliracouncil.gov.zm/wp-content/uploads/2025/12/Approved-Budget-2024.pdf|Annual Budget
BR2024_0003|2024|Revenue|Local Taxes / Rates|Commercial|9832490.0|Revised Budget|"002 | Commercial | 8,469,086 | 10,079,906 | 9,832,490"|Approved Budget 2024|https://www.mufuliracouncil.gov.zm/wp-content/uploads/2025/12/Approved-Budget-2024.pdf|Annual Budget
BR2024_0004|2024|Revenue|Local Taxes / Rates|Mining|39999451.0|Revised Budget|"005 | Mining/Plant | 34,453,000 | 41,005,961 | 39,999,451"|Approved Budget 2024|https://www.mufuliracouncil.gov.zm/wp-content/uploads/2025/12/Approved-Budget-2024.pdf|Annual Budget
BR2024_0005|2024|Revenue|Local Taxes / Rates||62307522.0|Revised Budget|"SubItem Total | 52,153,085 | 63,787,301 | 62,307,522"|Approved Budget 2024|https://www.mufuliracouncil.gov.zm/wp-content/uploads/2025/12/Approved-Budget-2024.pdf|Annual Budget
BR2024_0006|2024|Revenue|Local Taxes / Rates|Levy|170355.0|Revised Budget|"001 | Personal levy | 153,360 | 175,764 | 170,355"|Approved Budget 2024|https://www.mufuliracouncil.gov.zm/wp-content/uploads/2025/12/Approved-Budget-2024.pdf|Annual Budget
BR2024_0007|2024|Revenue|Local Taxes / Rates||170355.0|Revised Budget|"SubItem Total | 153,360 | 175,764 | 170,355"|Approved Budget 2024|https://www.mufuliracouncil.gov.zm/wp-content/uploads/2025/12/Approved-Budget-2024.pdf|Annual Budget
BR2024_0009|2024|Revenue|Fees and Charges|Fees and Charges|2.0|Revised Budget|"02 | Fees and Charges"|Approved Budget 2024|https://www.mufuliracouncil.gov.zm/wp-content/uploads/2025/12/Approved-Budget-2024.pdf|Annual Budget
BR2024_0010|2024|Revenue|Fees and Charges|Consent Fees|56888.0|Revised Budget|"001 | Consent fees | 49,000 | 53,018 | 56,888"|Approved Budget 2024|https://www.mufuliracouncil.gov.zm/wp-content/uploads/2025/12/Approved-Budget-2024.pdf|Annual Budget
BR2024_0011|2024|Revenue|Fees and Charges|Survey Fees|40054.0|Revised Budget|"002 | Survey fees | 34,500 | 37,329 | 40,054"|Approved Budget 2024|https://www.mufuliracouncil.gov.zm/wp-content/uploads/2025/12/Approved-Budget-2024.pdf|Annual Budget
BR2024_0012|2024|Revenue|Fees and Charges|Rent|647424.0|Revised Budget|"007 | Rentals/lease of Council’s properties | 557,650 | 649,757 | 647,424"|Approved Budget 2024|https://www.mufuliracouncil.gov.zm/wp-content/uploads/2025/12/Approved-Budget-2024.pdf|Annual Budget
BR2024_0013|2024|Revenue|Fees and Charges|Rent|312073.0|Revised Budget|"009 | Rentals from houses | 268,800 | 302,917 | 312,073"|Approved Budget 2024|https://www.mufuliracouncil.gov.zm/wp-content/uploads/2025/12/Approved-Budget-2024.pdf|Annual Budget
BR2024_0014|2024|Revenue|Fees and Charges|Market Fees|1150932.0|Revised Budget|"013 | Market fees | 991,340 | 1,072,630 | 1,150,932"|Approved Budget 2024|https://www.mufuliracouncil.gov.zm/wp-content/uploads/2025/12/Approved-Budget-2024.pdf|Annual Budget
BR2024_0015|2024|Revenue|Fees and Charges|Parking Fees|40653.0|Revised Budget|"014 | Parking fees | 35,016 | 41,676 | 40,653"|Approved Budget 2024|https://www.mufuliracouncil.gov.zm/wp-content/uploads/2025/12/Approved-Budget-2024.pdf|Annual Budget
BR2024_0016|2024|Revenue|Fees and Charges|Other fees and charges|5266709.0|Revised Budget|"099 | Other fees and charges | 4,377,410 | 5,376,945 | 5,266,709"|Approved Budget 2024|https://www.mufuliracouncil.gov.zm/wp-content/uploads/2025/12/Approved-Budget-2024.pdf|Annual Budget
BR2024_0017|2024|Revenue|Fees and Charges||10405101.0|Revised Budget|"SubItem Total | 8,833,776 | 10,218,658 | 10,405,101"|Approved Budget 2024|https://www.mufuliracouncil.gov.zm/wp-content/uploads/2025/12/Approved-Budget-2024.pdf|Annual Budget
BR2024_0019|2024|Revenue|Fees and Charges|Licenses|3.0|Revised Budget|"03 | Licenses"|Approved Budget 2024|https://www.mufuliracouncil.gov.zm/wp-content/uploads/2025/12/Approved-Budget-2024.pdf|Annual Budget
BR2024_0020|2024|Revenue|Fees and Charges|Occupancy licence|239163.0|Revised Budget|"001 | Occupancy licence | 206,000 | 222,892 | 239,163"|Approved Budget 2024|https://www.mufuliracouncil.gov.zm/wp-content/uploads/2025/12/Approved-Budget-2024.pdf|Annual Budget
BR2024_0021|2024|Revenue|Fees and Charges|Liquor licence|83591.0|Revised Budget|"002 | Liquor licence | 72,000 | 77,904 | 83,591"|Approved Budget 2024|https://www.mufuliracouncil.gov.zm/wp-content/uploads/2025/12/Approved-Budget-2024.pdf|Annual Budget
BR2024_0022|2024|Revenue|Fees and Charges|Firearm and ammunition licence|87074.0|Revised Budget|"003 | Firearm and ammunition licence | 75,000 | 81,150 | 87,074"|Approved Budget 2024|https://www.mufuliracouncil.gov.zm/wp-content/uploads/2025/12/Approved-Budget-2024.pdf|Annual Budget
BR2024_0023|2024|Revenue|Fees and Charges|Petroleum Storage licence|187035.0|Revised Budget|"004 | Petroleum Storage licence | 161,100 | 174,310 | 187,035"|Approved Budget 2024|https://www.mufuliracouncil.gov.zm/wp-content/uploads/2025/12/Approved-Budget-2024.pdf|Annual Budget
BR2024_0024|2024|Revenue|Fees and Charges|Dog licence|41700.0|Revised Budget|"005 | Dog licence | 41,700 | 41,700 | 41,700"|Approved Budget 2024|https://www.mufuliracouncil.gov.zm/wp-content/uploads/2025/12/Approved-Budget-2024.pdf|Annual Budget
BR2024_0025|2024|Revenue|Fees and Charges|Other Licences|334132.0|Revised Budget|"099 | Other Licences | 287,800 | 311,400 | 334,132"|Approved Budget 2024|https://www.mufuliracouncil.gov.zm/wp-content/uploads/2025/12/Approved-Budget-2024.pdf|Annual Budget
BR2024_0026|2024|Revenue|Fees and Charges||972695.0|Revised Budget|"SubItem Total | 843,600 | 909,356 | 972,695"|Approved Budget 2024|https://www.mufuliracouncil.gov.zm/wp-content/uploads/2025/12/Approved-Budget-2024.pdf|Annual Budget
BR2024_0027|2024|Revenue|Fees and Charges|Levies|4.0|Revised Budget|"04 | Levies"|Approved Budget 2024|https://www.mufuliracouncil.gov.zm/wp-content/uploads/2025/12/Approved-Budget-2024.pdf|Annual Budget
BR2024_0028|2024|Revenue|Fees and Charges|Levy|698112.0|Revised Budget|"017 | Trading (Wholesale) Business Levy | 601,310 | 650,617 | 698,112"|Approved Budget 2024|https://www.mufuliracouncil.gov.zm/wp-content/uploads/2025/12/Approved-Budget-2024.pdf|Annual Budget
BR2024_0029|2024|Revenue|Fees and Charges|Levies|5224.0|Revised Budget|"099 | Other levies | 4,500 | 5,356 | 5,224"|Approved Budget 2024|https://www.mufuliracouncil.gov.zm/wp-content/uploads/2025/12/Approved-Budget-2024.pdf|Annual Budget
BR2024_0030|2024|Revenue|Fees and Charges||2192023.0|Revised Budget|"SubItem Total | 1,888,070 | 2,043,379 | 2,192,023"|Approved Budget 2024|https://www.mufuliracouncil.gov.zm/wp-content/uploads/2025/12/Approved-Budget-2024.pdf|Annual Budget
BR2024_0031|2024|Revenue|Fees and Charges|Permits|5.0|Revised Budget|"05 | Permits"|Approved Budget 2024|https://www.mufuliracouncil.gov.zm/wp-content/uploads/2025/12/Approved-Budget-2024.pdf|Annual Budget
BR2024_0032|2024|Revenue|Fees and Charges|Health permits|786500.0|Revised Budget|"001 | Health permits | 810,000 | 803,614 | 786,500"|Approved Budget 2024|https://www.mufuliracouncil.gov.zm/wp-content/uploads/2025/12/Approved-Budget-2024.pdf|Annual Budget
BR2024_0033|2024|Revenue|Fees and Charges|Nursery, pre-school permits|174148.0|Revised Budget|"007 | Nursery, pre-school permits | 57,500 | 162,300 | 174,148"|Approved Budget 2024|https://www.mufuliracouncil.gov.zm/wp-content/uploads/2025/12/Approved-Budget-2024.pdf|Annual Budget
BR2024_0034|2024|Revenue|Fees and Charges|Burial permits and grave sites|729935.0|Revised Budget|"008 | Burial permits and grave sites | 628,240 | 680,275 | 729,935"|Approved Budget 2024|https://www.mufuliracouncil.gov.zm/wp-content/uploads/2025/12/Approved-Budget-2024.pdf|Annual Budget
BR2024_0035|2024|Revenue|Fees and Charges|Primary, Secondary and Tertiary permits|34830.0|Revised Budget|"099 | Primary, Secondary and Tertiary permits | 30,000 | 32,460 | 34,830"|Approved Budget 2024|https://www.mufuliracouncil.gov.zm/wp-content/uploads/2025/12/Approved-Budget-2024.pdf|Annual Budget
BR2024_0036|2024|Revenue|Fees and Charges||3402745.0|Revised Budget|"SubItem Total | 2,990,490 | 3,251,680 | 3,402,745"|Approved Budget 2024|https://www.mufuliracouncil.gov.zm/wp-content/uploads/2025/12/Approved-Budget-2024.pdf|Annual Budget
BR2024_0037|2024|Revenue|Fees and Charges|Premium Plot Commercial|998448.0|Revised Budget|"004 | Premium Plot Commercial | 860,000 | 930,520 | 998,448"|Approved Budget 2024|https://www.mufuliracouncil.gov.zm/wp-content/uploads/2025/12/Approved-Budget-2024.pdf|Annual Budget
BR2024_0038|2024|Revenue|Fees and Charges||2688263.0|Revised Budget|"SubItem Total | 2,315,500 | 2,505,371 | 2,688,263"|Approved Budget 2024|https://www.mufuliracouncil.gov.zm/wp-content/uploads/2025/12/Approved-Budget-2024.pdf|Annual Budget
BR2024_0039|2024|Revenue|Fees and Charges||0.0|Revised Budget|"SubItem Total | 1,200,000 | 0 | 0"|Approved Budget 2024|https://www.mufuliracouncil.gov.zm/wp-content/uploads/2025/12/Approved-Budget-2024.pdf|Annual Budget
BR2024_0040|2024|Revenue|LGEF|Local Government Equalisation Fund|14822928.0|Revised Budget|"004 | Local Government Equalisation Fund | 12,767,534 | 15,195,919 | 14,822,928"|Approved Budget 2024|https://www.mufuliracouncil.gov.zm/wp-content/uploads/2025/12/Approved-Budget-2024.pdf|Annual Budget
BR2024_0041|2024|Revenue|Grants||25698407.0|Revised Budget|"SubItem Total | 23,643,013 | 26,071,398 | 25,698,407"|Approved Budget 2024|https://www.mufuliracouncil.gov.zm/wp-content/uploads/2025/12/Approved-Budget-2024.pdf|Annual Budget
BR2024_0043|2024|Revenue|Grants||106702654.0|Revised Budget|"SubItem Total | 91,906,926 | 99,443,294 | 106,702,654"|Approved Budget 2024|https://www.mufuliracouncil.gov.zm/wp-content/uploads/2025/12/Approved-Budget-2024.pdf|Annual Budget
BR2024_0044|2024|Budget|Grants|No|2024.0|Approved Budget|"No | ECONOMIC CLASSIFICATION | 2022 APPROVED BUDGET (K) | 2023 APPROVED BUDGET (K) | 2024 BUDGET ESTIMATE (K)"|Approved Budget 2024|https://www.mufuliracouncil.gov.zm/wp-content/uploads/2025/12/Approved-Budget-2024.pdf|Annual Budget
BR2024_0045|2024|Revenue|Personal Emoluments|Rent|4.202181545241922|Approved Budget|"21 22 26 27 31 32 41 42 | Personal Emoluments Goods and Services Grants and Other Payments(Transfers) Subsidies to Non-Financial Enterprises Non-Financial Assets Financial Assets Current Liabilities (Payable within one year) Long term Liabilities- payable for more than one year | (0) (0) (0) (0) (0) (0) (0) (0) | - - - - - - - - | 42,021,815 45,241,922 6,984,926 17,462,316 58,885,483 10,477,390 4,146,453 707,513"|Approved Budget 2024|https://www.mufuliracouncil.gov.zm/wp-content/uploads/2025/12/Approved-Budget-2024.pdf|Annual Budget
BR2024_0046|2024|Budget|Personal Emoluments|Code|2024.0|Approved Budget|"Code | Programme | 2022 Approved Budget(K) | 2023 Approved Budget(K) | 2024 Budget Estimates(K)"|Approved Budget 2024|https://www.mufuliracouncil.gov.zm/wp-content/uploads/2025/12/Approved-Budget-2024.pdf|Annual Budget
BR2024_0047|2024|Budget|Personal Emoluments|PROGRAMME/SUB-PROGRAMME|2024.0|Approved Budget|"PROGRAMME/SUB-PROGRAMME | 2022 BUDGET | 2023 BUDGET | 2024 BUDGET"|Approved Budget 2024|https://www.mufuliracouncil.gov.zm/wp-content/uploads/2025/12/Approved-Budget-2024.pdf|Annual Budget
BR2024_0048|2024|Budget|Personal Emoluments|ECONOMIC CLASSIFICATION|2024.0|Approved Budget|"ECONOMIC CLASSIFICATION | 2022 BUDGET | 2023 BUDGET | 2024 BUDGET"|Approved Budget 2024|https://www.mufuliracouncil.gov.zm/wp-content/uploads/2025/12/Approved-Budget-2024.pdf|Annual Budget
BR2024_0049|2024|Expenditure|Expenditure|02Use of Goods and Services 02General Operations 03Transfers 01Transfers 02Subsidies 04Assets 01Non-Financial Assets (Capital Expenditure) 02Financial Assets|4.595346459534625|Approved Budget|"02Use of Goods and Services 02General Operations 03Transfers 01Transfers 02Subsidies 04Assets 01Non-Financial Assets (Capital Expenditure) 02Financial Assets | - - - - - - - - | - - - - - - - - | - | - | 4,595,346 4,595,346 24,447,242 6,984,926 17,462,316 62,864,337 52,386,948 10,477,390"|Approved Budget 2024|https://www.mufuliracouncil.gov.zm/wp-content/uploads/2025/12/Approved-Budget-2024.pdf|Annual Budget
BR2024_0050|2024|Budget|Expenditure|PROGRAMME/SUBPROGRAMME|2024.0|Approved Budget|"PROGRAMME/SUBPROGRAMME | 2022 BUDGET | 2023 BUDGET | 2024 BUDGET"|Approved Budget 2024|https://www.mufuliracouncil.gov.zm/wp-content/uploads/2025/12/Approved-Budget-2024.pdf|Annual Budget
BR2024_0051|2024|Budget|Expenditure|ECONOMIC CLASSIFICATION|2024.0|Actual|"ECONOMIC CLASSIFICATION | 2022 BUDGET | 2023 BUDGET | 2024 BUDGET"|Approved Budget 2024|https://www.mufuliracouncil.gov.zm/wp-content/uploads/2025/12/Approved-Budget-2024.pdf|Annual Budget
BR2024_0052|2024|Expenditure|Expenditure|01Personal Emoluments 02Other Emoluments 01Socio-Economic 02Use of Goods and Services 02General Operations 01Socio-Economic 04Assets 01Non-Financial Assets (Capital Expenditure)|1.200001200001249|Approved Budget|"01Personal Emoluments 02Other Emoluments 01Socio-Economic 02Use of Goods and Services 02General Operations 01Socio-Economic 04Assets 01Non-Financial Assets (Capital Expenditure) | - - - - - - - - | - - - - - - - - | - | - | 120,000 120,000 120,000 3,230,010 3,230,010 425,500 465,813 465,813"|Approved Budget 2024|https://www.mufuliracouncil.gov.zm/wp-content/uploads/2025/12/Approved-Budget-2024.pdf|Annual Budget
BR2024_0053|2024|Budget|Goods and Services|PROGRAMME/SUBPROGRAMME|2024.0|Approved Budget|"PROGRAMME/SUBPROGRAMME | 2022 BUDGET | 2023 BUDGET | 2024 BUDGET"|Approved Budget 2024|https://www.mufuliracouncil.gov.zm/wp-content/uploads/2025/12/Approved-Budget-2024.pdf|Annual Budget
BR2024_0054|2024|Budget|Goods and Services|ECONOMIC CLASSIFICATION|2024.0|Actual|"ECONOMIC CLASSIFICATION | 2022 BUDGET | 2023 BUDGET | 2024 BUDGET"|Approved Budget 2024|https://www.mufuliracouncil.gov.zm/wp-content/uploads/2025/12/Approved-Budget-2024.pdf|Annual Budget
BR2024_0055|2024|Expenditure|Expenditure|02Use of Goods and Services 02General Operations 04Assets 01Non-Financial Assets (Capital Expenditure)|2.142377214237711|Approved Budget|"02Use of Goods and Services 02General Operations 04Assets 01Non-Financial Assets (Capital Expenditure) | - - - - | - - - - | - | - | 2,142,377 2,142,377 1,077,950 1,077,950"|Approved Budget 2024|https://www.mufuliracouncil.gov.zm/wp-content/uploads/2025/12/Approved-Budget-2024.pdf|Annual Budget
BR2024_0056|2024|Expenditure|Expenditure|02Use of Goods and Services 02General Operations 04Assets 01Non-Financial Assets (Capital Expenditure)|3.674465367446588|Approved Budget|"02Use of Goods and Services 02General Operations 04Assets 01Non-Financial Assets (Capital Expenditure) | - - - - | - - - - | - | - | 3,674,465 3,674,465 876,950 876,950"|Approved Budget 2024|https://www.mufuliracouncil.gov.zm/wp-content/uploads/2025/12/Approved-Budget-2024.pdf|Annual Budget
BR2024_0057|2024|Revenue|Expenditure|6 Housing and Community Amenities 007Parks and Gardens 012Markets and Bus Stations 026Public Housing 029Roads and Drainages 031Street Lighting|4.551415515950104|Approved Budget|"6 Housing and Community Amenities 007Parks and Gardens 012Markets and Bus Stations 026Public Housing 029Roads and Drainages 031Street Lighting | (0) (0) (0) (0) (0) (0) | (0) (0) (0) (0) (0) | - - - - - - | (0) (0) (0) (0) (0) | 4,551,415 515,950 1,048,870 1,096,710 1,076,780 813,105"|Approved Budget 2024|https://www.mufuliracouncil.gov.zm/wp-content/uploads/2025/12/Approved-Budget-2024.pdf|Annual Budget
BR2024_0058|2024|Expenditure|Expenditure|01Personal Emoluments 02Other Emoluments 03Personnel Related Costs 02Use of Goods and Services 02General Operations 01Cultural Affairs 01Housing and Social Services 04Assets 01Non-Financial Assets (Capital Expenditure)|9.760003280006483|Approved Budget|"01Personal Emoluments 02Other Emoluments 03Personnel Related Costs 02Use of Goods and Services 02General Operations 01Cultural Affairs 01Housing and Social Services 04Assets 01Non-Financial Assets (Capital Expenditure) | - - - - - - - - - | - - - - - - - - - | - | - | 976,000 328,000 648,000 2,204,531 2,204,531 55,058 2,025,663 221,833 221,833"|Approved Budget 2024|https://www.mufuliracouncil.gov.zm/wp-content/uploads/2025/12/Approved-Budget-2024.pdf|Annual Budget
BR2024_0059|2024|Expenditure|Expenditure|02Use of Goods and Services 02General Operations 04Assets 01Non-Financial Assets (Capital Expenditure)|1.306651306653442|Approved Budget|"02Use of Goods and Services 02General Operations 04Assets 01Non-Financial Assets (Capital Expenditure) | - - - - | - - - - | - | - | 130,665 130,665 34,400 34,400"|Approved Budget 2024|https://www.mufuliracouncil.gov.zm/wp-content/uploads/2025/12/Approved-Budget-2024.pdf|Annual Budget
BR2024_0060|2024|Expenditure|Expenditure|02Use of Goods and Services 02General Operations 04Assets 01Non-Financial Assets (Capital Expenditure)|2.2383252238325304|Approved Budget|"02Use of Goods and Services 02General Operations 04Assets 01Non-Financial Assets (Capital Expenditure) | - - - - | - - - - | - | - | 2,238,325 2,238,325 305,340 305,340"|Approved Budget 2024|https://www.mufuliracouncil.gov.zm/wp-content/uploads/2025/12/Approved-Budget-2024.pdf|Annual Budget
BR2024_0061|2024|Expenditure|Expenditure|01Personal Emoluments 01Salaries and Wages 02Use of Goods and Services 02General Operations 04Assets 01Non-Financial Assets (Capital Expenditure) 05Liabilities 01 Outstanding Bills|4.056291540562917|Approved Budget|"01Personal Emoluments 01Salaries and Wages 02Use of Goods and Services 02General Operations 04Assets 01Non-Financial Assets (Capital Expenditure) 05Liabilities 01 Outstanding Bills | - - - - - - - - | - - - - - - - - | - | - | 40,562,915 40,562,915 11,481,687 11,481,687 2,981,650 2,981,650 4,853,966 4,853,966"|Approved Budget 2024|https://www.mufuliracouncil.gov.zm/wp-content/uploads/2025/12/Approved-Budget-2024.pdf|Annual Budget
BR2024_0062|2024|Budget|Capital Expenditure|MTEF preparation 01 Budgets Prepared|1.0|Actual|"MTEF preparation 01 Budgets Prepared | - | - | - | - | 1"|Approved Budget 2024|https://www.mufuliracouncil.gov.zm/wp-content/uploads/2025/12/Approved-Budget-2024.pdf|Annual Budget
BR2024_0063|2024|Revenue|Capital Expenditure|Leases Renewed 01 Percentage of Leases renewed|100.0|Actual|"Leases Renewed 01 Percentage of Leases renewed | - | - | - | - | 100"|Approved Budget 2024|https://www.mufuliracouncil.gov.zm/wp-content/uploads/2025/12/Approved-Budget-2024.pdf|Annual Budget
BR2024_0064|2024|Expenditure|Expenditure|01Personal Emoluments 01Salaries and Wages 02Use of Goods and Services 02General Operations 04Assets 01Non-Financial Assets (Capital Expenditure)|3.360003360003445|Approved Budget|"01Personal Emoluments 01Salaries and Wages 02Use of Goods and Services 02General Operations 04Assets 01Non-Financial Assets (Capital Expenditure) | - - - - - - | - - - - - - | - | - | 336,000 336,000 3,445,423 3,445,423 534,600 534,600"|Approved Budget 2024|https://www.mufuliracouncil.gov.zm/wp-content/uploads/2025/12/Approved-Budget-2024.pdf|Annual Budget
BR2024_0065|2024|Revenue|Expenditure|12 Resource Mobilisation and Management 067Revenue Mobilisation and Enhancement|43160234316023.0|Approved Budget|"12 Resource Mobilisation and Management 067Revenue Mobilisation and Enhancement | (0) (0) | (0) | - - | (0) | 4,316,023 4,316,023"|Approved Budget 2024|https://www.mufuliracouncil.gov.zm/wp-content/uploads/2025/12/Approved-Budget-2024.pdf|Annual Budget
BR2024_0066|2024|Revenue|Expenditure|Debt Management 01 Automated Revenue Collection points established 02 Revenue Collection reports generated and submitted per week 03 Revenue Officers recruited and trained 04 Mobile Money Payment System launched|201252.0|Actual|"Debt Management 01 Automated Revenue Collection points established 02 Revenue Collection reports generated and submitted per week 03 Revenue Officers recruited and trained 04 Mobile Money Payment System launched | - - - - | - - - - | - - - - | - - - - | 20 1 25 2"|Approved Budget 2024|https://www.mufuliracouncil.gov.zm/wp-content/uploads/2025/12/Approved-Budget-2024.pdf|Annual Budget
BR2024_0067|2024|Revenue|Expenditure|Revenue Mobilisation 01 Conduct spot checks 02 Sensitation meetings held for revenue enhancement|122.0|Actual|"Revenue Mobilisation 01 Conduct spot checks 02 Sensitation meetings held for revenue enhancement | - - | - - | - - | - - | 12 2"|Approved Budget 2024|https://www.mufuliracouncil.gov.zm/wp-content/uploads/2025/12/Approved-Budget-2024.pdf|Annual Budget
BR2024_0068|2024|Revenue|Expenditure|Revenue enhancement 01 Introduction of Mobile payment (purchase of 200 Kazang Machines)|200.0|Actual|"Revenue enhancement 01 Introduction of Mobile payment (purchase of 200 Kazang Machines) | - | - | - | - | 200"|Approved Budget 2024|https://www.mufuliracouncil.gov.zm/wp-content/uploads/2025/12/Approved-Budget-2024.pdf|Annual Budget
BR2024_0069|2024|Revenue|Expenditure|Revenue collection 01 Recruiting of 65 part time revenue agents|65.0|Actual|"Revenue collection 01 Recruiting of 65 part time revenue agents | - | - | - | - | 65"|Approved Budget 2024|https://www.mufuliracouncil.gov.zm/wp-content/uploads/2025/12/Approved-Budget-2024.pdf|Annual Budget
BR2024_0070|2024|Budget|Personal Emoluments|PROGRAMME/SUBPROGRAMME|2024.0|Approved Budget|"PROGRAMME/SUBPROGRAMME | 2022 BUDGET | 2023 BUDGET | 2024 BUDGET"|Approved Budget 2024|https://www.mufuliracouncil.gov.zm/wp-content/uploads/2025/12/Approved-Budget-2024.pdf|Annual Budget
BR2024_0071|2024|Budget|Personal Emoluments|ECONOMIC CLASSIFICATION|2024.0|Actual|"ECONOMIC CLASSIFICATION | 2022 BUDGET | 2023 BUDGET | 2024 BUDGET"|Approved Budget 2024|https://www.mufuliracouncil.gov.zm/wp-content/uploads/2025/12/Approved-Budget-2024.pdf|Annual Budget
BR2024_0072|2024|Revenue|Goods and Services|Motor Vehicle Licensed 01 Percentage of vehicles registered|100.0|Actual|"Motor Vehicle Licensed 01 Percentage of vehicles registered | - | - | - | - | 100"|Approved Budget 2024|https://www.mufuliracouncil.gov.zm/wp-content/uploads/2025/12/Approved-Budget-2024.pdf|Annual Budget
BR2024_0073|2024|Revenue|Goods and Services|3 Orientation in leadership management 11Hospital Building maintained (Kamuchanga) 1 Maintenance material procured 12Ambulatory services provided 1 Percentage Referral cases attended to 01Management Support Provided 1 Number of action plans formulated 2 Number of accountable documents collected 3 Percentage of completion and submission of statement A 4 Availability of health work force 5 Number of AGM attended 6 Health Workers have conducive working space 7 Number of Performance Review Conducted 01Materials and services procured 1 Number of procurement reports 2 Number of animals vaccinated against contagious Bovine Pleuro-pneumonia 3 Number of animals vaccinated against east coast fever 01Motor Vehicle Licensed 1 Percentage of vehicles registered|5.100100111001001|Actual|"3 Orientation in leadership management 11Hospital Building maintained (Kamuchanga) 1 Maintenance material procured 12Ambulatory services provided 1 Percentage Referral cases attended to 01Management Support Provided 1 Number of action plans formulated 2 Number of accountable documents collected 3 Percentage of completion and submission of statement A 4 Availability of health work force 5 Number of AGM attended 6 Health Workers have conducive working space 7 Number of Performance Review Conducted 01Materials and services procured 1 Number of procurement reports 2 Number of animals vaccinated against contagious Bovine Pleuro-pneumonia 3 Number of animals vaccinated against east coast fever 01Motor Vehicle Licensed 1 Percentage of vehicles registered | 3 100 100 1 1 100 100 10 100 34 4 400,000 85,000 100 | 5 100 100 1 1 100 100 10 100 34 4 450,000 90,000 100"|Approved Budget 2024|https://www.mufuliracouncil.gov.zm/wp-content/uploads/2025/12/Approved-Budget-2024.pdf|Annual Budget
BR2025_0002|2025|Revenue|Local Taxes / Rates|Local taxes/rates|1.0|Revised Budget|"01 | Local taxes/rates"|Approved Budget 2025|https://www.mufuliracouncil.gov.zm/wp-content/uploads/2025/03/Approved-2025-Budget.pdf|Annual Budget
BR2025_0003|2025|Revenue|Local Taxes / Rates|Commercial|8969086.0|Revised Budget|"002 | Commercial | 8,469,086 | 8,669,086 | 8,969,086"|Approved Budget 2025|https://www.mufuliracouncil.gov.zm/wp-content/uploads/2025/03/Approved-2025-Budget.pdf|Annual Budget
BR2025_0004|2025|Revenue|Local Taxes / Rates|Mining|34481706.0|Revised Budget|"005 | Mining/Plant | 34,481,706 | 34,481,706 | 34,481,706"|Approved Budget 2025|https://www.mufuliracouncil.gov.zm/wp-content/uploads/2025/03/Approved-2025-Budget.pdf|Annual Budget
BR2025_0005|2025|Revenue|Local Taxes / Rates||53341791.0|Revised Budget|"SubItem Total | 52,126,339 | 52,821,791 | 53,341,791"|Approved Budget 2025|https://www.mufuliracouncil.gov.zm/wp-content/uploads/2025/03/Approved-2025-Budget.pdf|Annual Budget
BR2025_0006|2025|Revenue|Local Taxes / Rates|Levy|190005.0|Revised Budget|"001 | Personal levy | 190,005 | 190,005 | 190,005"|Approved Budget 2025|https://www.mufuliracouncil.gov.zm/wp-content/uploads/2025/03/Approved-2025-Budget.pdf|Annual Budget
BR2025_0007|2025|Revenue|Local Taxes / Rates||190005.0|Revised Budget|"SubItem Total | 190,005 | 190,005 | 190,005"|Approved Budget 2025|https://www.mufuliracouncil.gov.zm/wp-content/uploads/2025/03/Approved-2025-Budget.pdf|Annual Budget
BR2025_0009|2025|Revenue|Fees and Charges|Fees and Charges|2.0|Revised Budget|"02 | Fees and Charges"|Approved Budget 2025|https://www.mufuliracouncil.gov.zm/wp-content/uploads/2025/03/Approved-2025-Budget.pdf|Annual Budget
BR2025_0010|2025|Revenue|Fees and Charges|Consent Fees|53018.0|Revised Budget|"001 | Consent fees | 53,018 | 53,018 | 53,018"|Approved Budget 2025|https://www.mufuliracouncil.gov.zm/wp-content/uploads/2025/03/Approved-2025-Budget.pdf|Annual Budget
BR2025_0011|2025|Revenue|Fees and Charges|Survey Fees|37950.0|Revised Budget|"002 | Survey fees | 37,950 | 37,950 | 37,950"|Approved Budget 2025|https://www.mufuliracouncil.gov.zm/wp-content/uploads/2025/03/Approved-2025-Budget.pdf|Annual Budget
BR2025_0012|2025|Revenue|Fees and Charges|Rent|637223.0|Revised Budget|"007 | Rentals/lease of Council’s properties | 637,223 | 637,223 | 637,223"|Approved Budget 2025|https://www.mufuliracouncil.gov.zm/wp-content/uploads/2025/03/Approved-2025-Budget.pdf|Annual Budget
BR2025_0013|2025|Revenue|Fees and Charges|Rent|270960.0|Revised Budget|"009 | Rentals from houses | 270,960 | 270,960 | 270,960"|Approved Budget 2025|https://www.mufuliracouncil.gov.zm/wp-content/uploads/2025/03/Approved-2025-Budget.pdf|Annual Budget
BR2025_0014|2025|Revenue|Fees and Charges|Market Fees|832930.0|Revised Budget|"013 | Market fees | 832,930 | 832,930 | 832,930"|Approved Budget 2025|https://www.mufuliracouncil.gov.zm/wp-content/uploads/2025/03/Approved-2025-Budget.pdf|Annual Budget
BR2025_0015|2025|Revenue|Fees and Charges|Parking Fees|62640.0|Revised Budget|"014 | Parking fees | 62,640 | 62,640 | 62,640"|Approved Budget 2025|https://www.mufuliracouncil.gov.zm/wp-content/uploads/2025/03/Approved-2025-Budget.pdf|Annual Budget
BR2025_0016|2025|Revenue|Fees and Charges|Other fees and charges|5039312.0|Revised Budget|"099 | Other fees and charges | 5,029,312 | 5,039,312 | 5,039,312"|Approved Budget 2025|https://www.mufuliracouncil.gov.zm/wp-content/uploads/2025/03/Approved-2025-Budget.pdf|Annual Budget
BR2025_0017|2025|Revenue|Fees and Charges||11325582.0|Revised Budget|"SubItem Total | 11,315,582 | 11,325,582 | 11,325,582"|Approved Budget 2025|https://www.mufuliracouncil.gov.zm/wp-content/uploads/2025/03/Approved-2025-Budget.pdf|Annual Budget
BR2025_0019|2025|Revenue|Fees and Charges|Licenses|3.0|Revised Budget|"03 | Licenses"|Approved Budget 2025|https://www.mufuliracouncil.gov.zm/wp-content/uploads/2025/03/Approved-2025-Budget.pdf|Annual Budget
BR2025_0020|2025|Revenue|Fees and Charges|Occupancy licence|75740.0|Revised Budget|"001 | Occupancy licence | 75,740 | 75,740 | 75,740"|Approved Budget 2025|https://www.mufuliracouncil.gov.zm/wp-content/uploads/2025/03/Approved-2025-Budget.pdf|Annual Budget
BR2025_0021|2025|Revenue|Fees and Charges|Liquor licence|77904.0|Revised Budget|"002 | Liquor licence | 77,904 | 77,904 | 77,904"|Approved Budget 2025|https://www.mufuliracouncil.gov.zm/wp-content/uploads/2025/03/Approved-2025-Budget.pdf|Annual Budget
BR2025_0022|2025|Revenue|Fees and Charges|Firearm and ammunition licence|81150.0|Revised Budget|"003 | Firearm and ammunition licence | 81,150 | 81,150 | 81,150"|Approved Budget 2025|https://www.mufuliracouncil.gov.zm/wp-content/uploads/2025/03/Approved-2025-Budget.pdf|Annual Budget
BR2025_0023|2025|Revenue|Fees and Charges|Petroleum Storage licence|241200.0|Revised Budget|"004 | Petroleum Storage licence | 241,200 | 241,200 | 241,200"|Approved Budget 2025|https://www.mufuliracouncil.gov.zm/wp-content/uploads/2025/03/Approved-2025-Budget.pdf|Annual Budget
BR2025_0024|2025|Revenue|Fees and Charges|Dog licence|41700.0|Revised Budget|"005 | Dog licence | 41,700 | 41,700 | 41,700"|Approved Budget 2025|https://www.mufuliracouncil.gov.zm/wp-content/uploads/2025/03/Approved-2025-Budget.pdf|Annual Budget
BR2025_0025|2025|Revenue|Fees and Charges|Other Licences|24345.0|Revised Budget|"099 | Other Licences | 24,345 | 24,345 | 24,345"|Approved Budget 2025|https://www.mufuliracouncil.gov.zm/wp-content/uploads/2025/03/Approved-2025-Budget.pdf|Annual Budget
BR2025_0026|2025|Revenue|Fees and Charges||542039.0|Revised Budget|"SubItem Total | 542,039 | 542,039 | 542,039"|Approved Budget 2025|https://www.mufuliracouncil.gov.zm/wp-content/uploads/2025/03/Approved-2025-Budget.pdf|Annual Budget
BR2025_0027|2025|Revenue|Fees and Charges|Levies|4.0|Revised Budget|"04 | Levies"|Approved Budget 2025|https://www.mufuliracouncil.gov.zm/wp-content/uploads/2025/03/Approved-2025-Budget.pdf|Annual Budget
BR2025_0028|2025|Revenue|Fees and Charges|Levy|5810.0|Revised Budget|"004 | Pole levy | 5,810 | 5,810 | 5,810"|Approved Budget 2025|https://www.mufuliracouncil.gov.zm/wp-content/uploads/2025/03/Approved-2025-Budget.pdf|Annual Budget
BR2025_0029|2025|Revenue|Fees and Charges|Levy|162300.0|Revised Budget|"010 | Timber Levy | 162,300 | 162,300 | 162,300"|Approved Budget 2025|https://www.mufuliracouncil.gov.zm/wp-content/uploads/2025/03/Approved-2025-Budget.pdf|Annual Budget
BR2025_0030|2025|Revenue|Fees and Charges|Levy|650617.0|Revised Budget|"017 | Trading (Wholesale) Business Levy | 650,617 | 650,617 | 650,617"|Approved Budget 2025|https://www.mufuliracouncil.gov.zm/wp-content/uploads/2025/03/Approved-2025-Budget.pdf|Annual Budget
BR2025_0031|2025|Revenue|Fees and Charges|Trading (Retail) chain stores and supermarkets|1760855.0|Revised Budget|"020 | Trading (Retail) chain stores and supermarkets | 1,760,855 | 1,760,855 | 1,760,855"|Approved Budget 2025|https://www.mufuliracouncil.gov.zm/wp-content/uploads/2025/03/Approved-2025-Budget.pdf|Annual Budget
BR2025_0032|2025|Revenue|Fees and Charges||2764604.0|Revised Budget|"SubItem Total | 2,764,604 | 2,764,604 | 2,764,604"|Approved Budget 2025|https://www.mufuliracouncil.gov.zm/wp-content/uploads/2025/03/Approved-2025-Budget.pdf|Annual Budget
BR2025_0033|2025|Revenue|Fees and Charges|Permits|5.0|Revised Budget|"05 | Permits"|Approved Budget 2025|https://www.mufuliracouncil.gov.zm/wp-content/uploads/2025/03/Approved-2025-Budget.pdf|Annual Budget
BR2025_0034|2025|Revenue|Fees and Charges|Health permits|803614.0|Revised Budget|"001 | Health permits | 803,614 | 803,614 | 803,614"|Approved Budget 2025|https://www.mufuliracouncil.gov.zm/wp-content/uploads/2025/03/Approved-2025-Budget.pdf|Annual Budget
BR2025_0035|2025|Revenue|Fees and Charges|Nursery, pre-school permits|162300.0|Revised Budget|"007 | Nursery, pre-school permits | 162,300 | 162,300 | 162,300"|Approved Budget 2025|https://www.mufuliracouncil.gov.zm/wp-content/uploads/2025/03/Approved-2025-Budget.pdf|Annual Budget
BR2025_0036|2025|Revenue|Fees and Charges|Burial permits and grave sites|854371.0|Revised Budget|"008 | Burial permits and grave sites | 854,371 | 854,371 | 854,371"|Approved Budget 2025|https://www.mufuliracouncil.gov.zm/wp-content/uploads/2025/03/Approved-2025-Budget.pdf|Annual Budget
BR2025_0037|2025|Revenue|Fees and Charges||3249870.0|Revised Budget|"SubItem Total | 3,249,870 | 3,249,870 | 3,249,870"|Approved Budget 2025|https://www.mufuliracouncil.gov.zm/wp-content/uploads/2025/03/Approved-2025-Budget.pdf|Annual Budget
BR2025_0038|2025|Revenue|Fees and Charges|Premium Plot Commercial|335000.0|Revised Budget|"004 | Premium Plot Commercial | 335,000 | 335,000 | 335,000"|Approved Budget 2025|https://www.mufuliracouncil.gov.zm/wp-content/uploads/2025/03/Approved-2025-Budget.pdf|Annual Budget
BR2025_0039|2025|Revenue|Fees and Charges||2512000.0|Revised Budget|"SubItem Total | 2,512,000 | 2,512,000 | 2,512,000"|Approved Budget 2025|https://www.mufuliracouncil.gov.zm/wp-content/uploads/2025/03/Approved-2025-Budget.pdf|Annual Budget
BR2025_0040|2025|Revenue|Fees and Charges|Surplus/ Deficit from Commercial Ventures|12000.0|Revised Budget|"002 | Surplus/ Deficit from Commercial Ventures | 10,000 | 11,000 | 12,000"|Approved Budget 2025|https://www.mufuliracouncil.gov.zm/wp-content/uploads/2025/03/Approved-2025-Budget.pdf|Annual Budget
BR2025_0041|2025|Revenue|Fees and Charges||20115.0|Revised Budget|"SubItem Total | 18,115 | 19,115 | 20,115"|Approved Budget 2025|https://www.mufuliracouncil.gov.zm/wp-content/uploads/2025/03/Approved-2025-Budget.pdf|Annual Budget
BR2025_0042|2025|Revenue|LGEF|Local Government Equalisation Fund|12767534.0|Revised Budget|"004 | Local Government Equalisation Fund | 12,767,534 | 12,767,534 | 12,767,534"|Approved Budget 2025|https://www.mufuliracouncil.gov.zm/wp-content/uploads/2025/03/Approved-2025-Budget.pdf|Annual Budget
BR2025_0043|2025|Revenue|Grants||37597399.0|Revised Budget|"SubItem Total | 37,597,399 | 37,597,399 | 37,597,399"|Approved Budget 2025|https://www.mufuliracouncil.gov.zm/wp-content/uploads/2025/03/Approved-2025-Budget.pdf|Annual Budget
BR2025_0045|2025|Revenue|Grants||108174451.0|Revised Budget|"SubItem Total | 108,174,451 | 108,174,451 | 108,174,451"|Approved Budget 2025|https://www.mufuliracouncil.gov.zm/wp-content/uploads/2025/03/Approved-2025-Budget.pdf|Annual Budget
BR2025_0046|2025|Budget|Grants|No|2025.0|Approved Budget|"No | ECONOMIC CLASSIFICATION | 2023 APPROVED BUDGET (K) | 2024 APPROVED BUDGET (K) | 2025 BUDGET ESTIMATE (K)"|Approved Budget 2025|https://www.mufuliracouncil.gov.zm/wp-content/uploads/2025/03/Approved-2025-Budget.pdf|Annual Budget
BR2025_0047|2025|Revenue|Personal Emoluments|Rent|2.8980482237016867|Approved Budget|"21 22 26 27 31 32 41 42 | Personal Emoluments Goods and Services Grants and Other Payments(Transfers) Subsidies to Non-Financial Enterprises Non-Financial Assets Financial Assets Current Liabilities (Payable within one year) Long term Liabilities- payable for more than one year | (0) (0) (0) (0) (0) (0) (0) (0) | 28,980,482 23,701,686 6,984,926 17,462,316 56,277,033 10,477,390 4,146,453 707,513 | 35,478,595 55,142,219 18,149,379 18,586,338 61,424,433 11,151,803 18,557,639 -"|Approved Budget 2025|https://www.mufuliracouncil.gov.zm/wp-content/uploads/2025/03/Approved-2025-Budget.pdf|Annual Budget
BR2025_0048|2025|Budget|Personal Emoluments|Code|2025.0|Approved Budget|"Code | Programme | 2023 Approved Budget(K) | 2024 Approved Budget(K) | 2025 Budget Estimates(K)"|Approved Budget 2025|https://www.mufuliracouncil.gov.zm/wp-content/uploads/2025/03/Approved-2025-Budget.pdf|Annual Budget
BR2025_0049|2025|Budget|Personal Emoluments|PROGRAMME/SUB-PROGRAMME|2025.0|Approved Budget|"PROGRAMME/SUB-PROGRAMME | 2023 BUDGET | 2024 BUDGET | 2025 BUDGET"|Approved Budget 2025|https://www.mufuliracouncil.gov.zm/wp-content/uploads/2025/03/Approved-2025-Budget.pdf|Annual Budget
BR2025_0050|2025|Budget|Personal Emoluments|ECONOMIC CLASSIFICATION|2025.0|Approved Budget|"ECONOMIC CLASSIFICATION | 2023 BUDGET | 2024 BUDGET | 2025 BUDGET"|Approved Budget 2025|https://www.mufuliracouncil.gov.zm/wp-content/uploads/2025/03/Approved-2025-Budget.pdf|Annual Budget
BR2025_0051|2025|Expenditure|Expenditure|02Use of Goods and Services 02General Operations 02Engineering 03Transfers 01Transfers 02Subsidies 04Assets 01Non-Financial Assets (Capital Expenditure) 02Financial Assets|1.5242764152427657|Approved Budget|"02Use of Goods and Services 02General Operations 02Engineering 03Transfers 01Transfers 02Subsidies 04Assets 01Non-Financial Assets (Capital Expenditure) 02Financial Assets | - - - - - - - - - | - - - - - - - - - | 4,595,346 4,595,346 - 24,447,242 6,984,926 17,462,316 62,864,337 52,386,948 10,477,390 | - | 15,242,764 15,242,764 9,834,041 26,020,873 7,434,535 18,586,338 66,910,815 55,759,013 11,151,803"|Approved Budget 2025|https://www.mufuliracouncil.gov.zm/wp-content/uploads/2025/03/Approved-2025-Budget.pdf|Annual Budget
BR2025_0052|2025|Budget|Expenditure|PROGRAMME/SUBPROGRAMME|2025.0|Approved Budget|"PROGRAMME/SUBPROGRAMME | 2023 BUDGET | 2024 BUDGET | 2025 BUDGET"|Approved Budget 2025|https://www.mufuliracouncil.gov.zm/wp-content/uploads/2025/03/Approved-2025-Budget.pdf|Annual Budget
BR2025_0053|2025|Budget|Grants|ECONOMIC CLASSIFICATION|2025.0|Actual|"ECONOMIC CLASSIFICATION | 2023 BUDGET | 2024 BUDGET | 2025 BUDGET"|Approved Budget 2025|https://www.mufuliracouncil.gov.zm/wp-content/uploads/2025/03/Approved-2025-Budget.pdf|Annual Budget
BR2025_0054|2025|Expenditure|Expenditure|01Personal Emoluments 01Salaries and Wages 01Committee 02Use of Goods and Services 02General Operations 02Committee 04Assets 01Non-Financial Assets (Capital Expenditure)|9.172689172689171|Approved Budget|"01Personal Emoluments 01Salaries and Wages 01Committee 02Use of Goods and Services 02General Operations 02Committee 04Assets 01Non-Financial Assets (Capital Expenditure) | - - - - - - - - | - - - - - - - - | - - - 2,804,510 2,804,510 - 465,813 465,813 | - | 917,268 917,268 917,268 447,888 447,888 42,000 21,640 21,640"|Approved Budget 2025|https://www.mufuliracouncil.gov.zm/wp-content/uploads/2025/03/Approved-2025-Budget.pdf|Annual Budget
BR2025_0055|2025|Budget|Expenditure|ECONOMIC CLASSIFICATION|2025.0|Actual|"ECONOMIC CLASSIFICATION | 2023 BUDGET | 2024 BUDGET | 2025 BUDGET"|Approved Budget 2025|https://www.mufuliracouncil.gov.zm/wp-content/uploads/2025/03/Approved-2025-Budget.pdf|Annual Budget
BR2025_0056|2025|Budget|Personal Emoluments|PROGRAMME/SUBPROGRAMME|2025.0|Approved Budget|"PROGRAMME/SUBPROGRAMME | 2023 BUDGET | 2024 BUDGET | 2025 BUDGET"|Approved Budget 2025|https://www.mufuliracouncil.gov.zm/wp-content/uploads/2025/03/Approved-2025-Budget.pdf|Annual Budget
BR2025_0057|2025|Budget|Personal Emoluments|ECONOMIC CLASSIFICATION|2025.0|Actual|"ECONOMIC CLASSIFICATION | 2023 BUDGET | 2024 BUDGET | 2025 BUDGET"|Approved Budget 2025|https://www.mufuliracouncil.gov.zm/wp-content/uploads/2025/03/Approved-2025-Budget.pdf|Annual Budget
BR2025_0058|2025|Expenditure|Expenditure|02Use of Goods and Services 02General Operations 02Licensing 04Assets 01Non-Financial Assets (Capital Expenditure) 02Licensing|8.820088200882005|Approved Budget|"02Use of Goods and Services 02General Operations 02Licensing 04Assets 01Non-Financial Assets (Capital Expenditure) 02Licensing | - - - - - - | - - - - - - | - - - - - - | - | 88,200 88,200 88,200 53,600 53,600 53,600"|Approved Budget 2025|https://www.mufuliracouncil.gov.zm/wp-content/uploads/2025/03/Approved-2025-Budget.pdf|Annual Budget
BR2025_0059|2025|Revenue|Expenditure|Levy|1722.0|Actual|"Businesses registered 01 Number of business levy certificates issued | (0) | (0) | (0) | (0) | 1,722"|Approved Budget 2025|https://www.mufuliracouncil.gov.zm/wp-content/uploads/2025/03/Approved-2025-Budget.pdf|Annual Budget
BR2025_0060|2025|Expenditure|Expenditure|01Personal Emoluments 01Salaries and Wages 01Cemetery and Funeral Services 02Health Inspectorate 02Use of Goods and Services 02General Operations 01Solid Waste Management 02Health Inspectorate 04Assets 01Non-Financial Assets (Capital Expenditure) 01Solid Waste Management|7.890437890432285|Approved Budget|"01Personal Emoluments 01Salaries and Wages 01Cemetery and Funeral Services 02Health Inspectorate 02Use of Goods and Services 02General Operations 01Solid Waste Management 02Health Inspectorate 04Assets 01Non-Financial Assets (Capital Expenditure) 01Solid Waste Management | - - - - - - - - - - - | - - - - - - - - - - - | - - - - 3,000,391 3,000,391 - 2,862,341 117,950 117,950 - | - | 789,043 789,043 228,514 560,529 1,489,479 1,489,479 915,275 504,404 470,000 470,000 470,000"|Approved Budget 2025|https://www.mufuliracouncil.gov.zm/wp-content/uploads/2025/03/Approved-2025-Budget.pdf|Annual Budget
BR2025_0061|2025|Expenditure|Expenditure|01Personal Emoluments 01Salaries and Wages 01Fire Services 01Parks & Gardens 01Water and Sanitation 02Engineering/ Buildings 02Mechnical Section 04Civil Eng 02Use of Goods and Services 02General Operations 01Community Development 01Water and Sanitation 02Engineering/ Buildings 04Civil Eng 12Settlements 04Assets 01Non-Financial Assets (Capital Expenditure) 01Parks & Gardens 01Water and Sanitation 02Engineering/ Buildings 04Civil Eng|4.805149480514935|Approved Budget|"01Personal Emoluments 01Salaries and Wages 01Fire Services 01Parks & Gardens 01Water and Sanitation 02Engineering/ Buildings 02Mechnical Section 04Civil Eng 02Use of Goods and Services 02General Operations 01Community Development 01Water and Sanitation 02Engineering/ Buildings 04Civil Eng 12Settlements 04Assets 01Non-Financial Assets (Capital Expenditure) 01Parks & Gardens 01Water and Sanitation 02Engineering/ Buildings 04Civil Eng | - - - - - - - - - - - - - - - - - - - - - | - - - - - - - - - - - - - - - - - - - - - | 5,625,790 5,625,790 - - - - 5,625,790 - 3,928,050 3,928,050 - - - - - 102,840 102,840 - - - - | - | 4,805,149 4,805,149 3,347,838 117,830 139,091 632,544 122,911 444,934 8,169,234 8,169,234 61,680 263,624 322,217 4,956,100 45,820 330,385 330,385 86,885 145,000 50,000 48,500"|Approved Budget 2025|https://www.mufuliracouncil.gov.zm/wp-content/uploads/2025/03/Approved-2025-Budget.pdf|Annual Budget
BR2025_0062|2025|Revenue|Expenditure|6 Housing and Community Amenities 007 Parks and Gardens 012 Markets and Bus Stations 017 Community Centres 026 Public Housing 029 Roads and Drainages 031 Street Lighting 034 Water Supply and Sanitation Services 041 Fire Protection Services|1.3304768503565616|Approved Budget|"6 Housing and Community Amenities 007 Parks and Gardens 012 Markets and Bus Stations 017 Community Centres 026 Public Housing 029 Roads and Drainages 031 Street Lighting 034 Water Supply and Sanitation Services 041 Fire Protection Services | (0) (0) (0) (0) (0) (0) (0) (0) (0) | (0) (0) (0) (0) (0) (0) (0) (0) | 9,656,680 515,950 - - - 6,702,570 813,105 - 1,625,055 | (0) (0) (0) (0) (0) (0) (0) (0) | 13,304,768 503,565 61,680 45,820 1,004,762 5,572,445 384,959 547,715 5,183,822"|Approved Budget 2025|https://www.mufuliracouncil.gov.zm/wp-content/uploads/2025/03/Approved-2025-Budget.pdf|Annual Budget
BR2025_0063|2025|Revenue|Expenditure|Markets lighting system rehabilitated 01 Number of flood lights rehabilitated 02 Number of security lights rehabilitated|580.0|Actual|"Markets lighting system rehabilitated 01 Number of flood lights rehabilitated 02 Number of security lights rehabilitated | (0) (0) | (0) (0) | (0) (0) | (0) (0) | 5 80"|Approved Budget 2025|https://www.mufuliracouncil.gov.zm/wp-content/uploads/2025/03/Approved-2025-Budget.pdf|Annual Budget
BR2025_0064|2025|Revenue|Expenditure|Bus station lighting system rehabilitated 01 Number of security lights rehabilitated|5.0|Actual|"Bus station lighting system rehabilitated 01 Number of security lights rehabilitated | (0) | (0) | (0) | (0) | 5"|Approved Budget 2025|https://www.mufuliracouncil.gov.zm/wp-content/uploads/2025/03/Approved-2025-Budget.pdf|Annual Budget
BR2025_0065|2025|Revenue|Expenditure|Market shelters rehabilitated 01 Number of market shelters rehabilitated|2.0|Actual|"Market shelters rehabilitated 01 Number of market shelters rehabilitated | - | - | - | - | 2"|Approved Budget 2025|https://www.mufuliracouncil.gov.zm/wp-content/uploads/2025/03/Approved-2025-Budget.pdf|Annual Budget
BR2025_0066|2025|Expenditure|Expenditure|01Personal Emoluments 01Salaries and Wages 01Cultural Affairs 01Housing and Social Services 02Use of Goods and Services 02General Operations 01General Administration 01Housing and Social Services 04Assets 01Non-Financial Assets (Capital Expenditure) 01Housing and Social Services|1.1390121139012104|Approved Budget|"01Personal Emoluments 01Salaries and Wages 01Cultural Affairs 01Housing and Social Services 02Use of Goods and Services 02General Operations 01General Administration 01Housing and Social Services 04Assets 01Non-Financial Assets (Capital Expenditure) 01Housing and Social Services | - - - - - - - - - - - | - - - - - - - - - - - | - - - - 51,338 51,338 - - 17,800 17,800 - | - | 1,139,012 1,139,012 1,047,850 91,163 2,372,744 2,372,744 194,184 2,176,836 64,655 64,655 64,655"|Approved Budget 2025|https://www.mufuliracouncil.gov.zm/wp-content/uploads/2025/03/Approved-2025-Budget.pdf|Annual Budget
BR2025_0067|2025|Expenditure|Expenditure|01Personal Emoluments 01Salaries and Wages 01(cid:9)Procurement 01Administration 01Town Clerk 05Accounting 08(cid:9)Auditing 02Other Emoluments 01Administration 03Personnel Related Costs 01Establishment 02Use of Goods and Services 02General Operations 01(cid:9)Procurement 01Establishment 01Public Relations 02Mayor 02Stores 05Accounting 04Assets 01Non-Financial Assets (Capital Expenditure) 01Establishment 02Deeds 02Mayor 02Stores 04Estates 05Contracts and Licensing 08(cid:9)Auditing 05Liabilities 01 Outstanding Bills 01Administration 01Establishment|2.185985519201176|Approved Budget|"01Personal Emoluments 01Salaries and Wages 01(cid:9)Procurement 01Administration 01Town Clerk 05Accounting 08(cid:9)Auditing 02Other Emoluments 01Administration 03Personnel Related Costs 01Establishment 02Use of Goods and Services 02General Operations 01(cid:9)Procurement 01Establishment 01Public Relations 02Mayor 02Stores 05Accounting 04Assets 01Non-Financial Assets (Capital Expenditure) 01Establishment 02Deeds 02Mayor 02Stores 04Estates 05Contracts and Licensing 08(cid:9)Auditing 05Liabilities 01 Outstanding Bills 01Administration 01Establishment | - - - - - - - - - - - - - - - - - - - - - - - - - - - - - - - - | - - - - - - - - - - - - - - - - - - - - - - - - - - - - - - - - | 23,354,692 23,354,692 2,180,695 10,544,100 4,950,597 3,457,270 2,222,030 - - - - 8,587,975 8,587,975 161,280 - 153,000 - - 820,353 2,981,650 2,981,650 - 121,530 - - 113,000 64,500 20,950 4,853,966 4,853,966 655,000 - | - | 21,859,855 19,201,176 121,990 18,423,499 385,142 135,272 135,272 255,000 255,000 2,403,679 2,403,679 11,361,559 11,361,559 100,080 104,990 300,120 829,840 62,609 1,218,725 786,554 786,554 25,000 201,700 20,000 84,700 89,000 53,000 33,830 18,557,639 18,557,639 78,000 18,420,000"|Approved Budget 2025|https://www.mufuliracouncil.gov.zm/wp-content/uploads/2025/03/Approved-2025-Budget.pdf|Annual Budget
BR2025_0068|2025|Budget|Expenditure|Financial reports prepared 01 Number of annual budget prepared 02 Number of Financial reports prepared 03 Number of Financial statements prepared|111.0|Actual|"Financial reports prepared 01 Number of annual budget prepared 02 Number of Financial reports prepared 03 Number of Financial statements prepared | - (0) (0) | - (0) (0) | - (0) (0) | - (0) (0) | 1 1 1"|Approved Budget 2025|https://www.mufuliracouncil.gov.zm/wp-content/uploads/2025/03/Approved-2025-Budget.pdf|Annual Budget
BR2025_0069|2025|Revenue|Expenditure|01Personal Emoluments 01Salaries and Wages 01Revenue 02Use of Goods and Services 02General Operations 01Revenue 02ICT 03Valuation 04Assets 01Non-Financial Assets (Capital Expenditure) 01Revenue 02ICT 03Valuation|4.030947403094741|Approved Budget|"01Personal Emoluments 01Salaries and Wages 01Revenue 02Use of Goods and Services 02General Operations 01Revenue 02ICT 03Valuation 04Assets 01Non-Financial Assets (Capital Expenditure) 01Revenue 02ICT 03Valuation | - - - - - - - - - - - - - | - - - - - - - - - - - - - | - - - - - - - - - - - - - | - | 4,030,947 4,030,947 4,030,947 4,520,563 4,520,563 701,210 253,182 3,566,171 688,000 688,000 17,500 628,000 42,500"|Approved Budget 2025|https://www.mufuliracouncil.gov.zm/wp-content/uploads/2025/03/Approved-2025-Budget.pdf|Annual Budget
BR2025_0070|2025|Revenue|Expenditure|Revenue Mobilisation 01 Number of revenue spot checks conducted|12.0|Actual|"Revenue Mobilisation 01 Number of revenue spot checks conducted | (0) | (0) | (0) | (0) | 12"|Approved Budget 2025|https://www.mufuliracouncil.gov.zm/wp-content/uploads/2025/03/Approved-2025-Budget.pdf|Annual Budget
BR2025_0071|2025|Budget|Goods and Services|PROGRAMME/SUBPROGRAMME|2025.0|Approved Budget|"PROGRAMME/SUBPROGRAMME | 2023 BUDGET | 2024 BUDGET | 2025 BUDGET"|Approved Budget 2025|https://www.mufuliracouncil.gov.zm/wp-content/uploads/2025/03/Approved-2025-Budget.pdf|Annual Budget
BR2025_0072|2025|Budget|Goods and Services|ECONOMIC CLASSIFICATION|2025.0|Actual|"ECONOMIC CLASSIFICATION | 2023 BUDGET | 2024 BUDGET | 2025 BUDGET"|Approved Budget 2025|https://www.mufuliracouncil.gov.zm/wp-content/uploads/2025/03/Approved-2025-Budget.pdf|Annual Budget
BR2025_0073|2025|Expenditure|Expenditure|04Assets 01Non-Financial Assets (Capital Expenditure) 01Transport Services|3.200587320058732|Approved Budget|"04Assets 01Non-Financial Assets (Capital Expenditure) 01Transport Services | - - - | - - - | - - - | - | 3,200,587 3,200,587 3,200,587"|Approved Budget 2025|https://www.mufuliracouncil.gov.zm/wp-content/uploads/2025/03/Approved-2025-Budget.pdf|Annual Budget
BR2025_0074|2025|Expenditure|Expenditure|02Use of Goods and Services 02General Operations 18Agriculture unit 19Agribusiness and Marketing 27Community Development unit 04Assets 01Non-Financial Assets (Capital Expenditure) 27Community Development unit|4.70000470000543|Approved Budget|"02Use of Goods and Services 02General Operations 18Agriculture unit 19Agribusiness and Marketing 27Community Development unit 04Assets 01Non-Financial Assets (Capital Expenditure) 27Community Development unit | - - - - - - - - | - - - - - - - - | - - - - - - - - | - | 470,000 470,000 50,000 100,000 320,000 50,000 50,000 50,000"|Approved Budget 2025|https://www.mufuliracouncil.gov.zm/wp-content/uploads/2025/03/Approved-2025-Budget.pdf|Annual Budget
BR2025_0075|2025|Revenue|Expenditure|Agricultural Marketing Database created and maintained 01 Number of market visits conducted 02 Number of market bulletins compiled|5212.0|Actual|"Agricultural Marketing Database created and maintained 01 Number of market visits conducted 02 Number of market bulletins compiled | (0) (0) | (0) (0) | (0) (0) | (0) (0) | 52 12"|Approved Budget 2025|https://www.mufuliracouncil.gov.zm/wp-content/uploads/2025/03/Approved-2025-Budget.pdf|Annual Budget
BR2025_0076|2025|Revenue|Goods and Services|02Use of Goods and Services 02General Operations 20Management and Support Services 21Fisheries and Livestock Marketing 22Veterinary Services 23Fisheries Unit 24Livestock Development|4.861604861609821|Approved Budget|"02Use of Goods and Services 02General Operations 20Management and Support Services 21Fisheries and Livestock Marketing 22Veterinary Services 23Fisheries Unit 24Livestock Development | - - - - - - - | - - - - - - - | - - - - - - - | - | 486,160 486,160 98,205 125,823 104,853 94,367 62,912"|Approved Budget 2025|https://www.mufuliracouncil.gov.zm/wp-content/uploads/2025/03/Approved-2025-Budget.pdf|Annual Budget
BR2025_0077|2025|Revenue|Goods and Services|Market bulletins produced and disseminated 01 Number of fisheries and livestock bulletins produced and disseminated|12.0|Actual|"Market bulletins produced and disseminated 01 Number of fisheries and livestock bulletins produced and disseminated | (0) | (0) | (0) | (0) | 12"|Approved Budget 2025|https://www.mufuliracouncil.gov.zm/wp-content/uploads/2025/03/Approved-2025-Budget.pdf|Annual Budget
BR2025_0078|2025|Revenue|Goods and Services|Livestock market established at Mokambo border post 01 Number of stakeholder engagement meetings conducted 02 Number of site visits conducted 03 Number of market linkages established|441.0|Actual|"Livestock market established at Mokambo border post 01 Number of stakeholder engagement meetings conducted 02 Number of site visits conducted 03 Number of market linkages established | (0) (0) (0) | (0) (0) (0) | (0) (0) (0) | (0) (0) (0) | 4 4 1"|Approved Budget 2025|https://www.mufuliracouncil.gov.zm/wp-content/uploads/2025/03/Approved-2025-Budget.pdf|Annual Budget
BR2026_0002|2026|Revenue|Local Taxes / Rates|Local taxes/rates|1.0|Revised Budget|"01 | Local taxes/rates"|Approved Budget 2026|https://www.mufuliracouncil.gov.zm/wp-content/uploads/2026/08/Mufulira-2026-OBB-Budget-17.12.2025.pdf|Annual Budget
BR2026_0003|2026|Revenue|Local Taxes / Rates|Commercial|9315995.0|Revised Budget|"002 | Commercial | 8,469,086 | 9,146,613 | 9,315,995"|Approved Budget 2026|https://www.mufuliracouncil.gov.zm/wp-content/uploads/2026/08/Mufulira-2026-OBB-Budget-17.12.2025.pdf|Annual Budget
BR2026_0004|2026|Revenue|Local Taxes / Rates|Industrial|674858.0|Revised Budget|"003 | Industrial | 613,507 | 662,587 | 674,858"|Approved Budget 2026|https://www.mufuliracouncil.gov.zm/wp-content/uploads/2026/08/Mufulira-2026-OBB-Budget-17.12.2025.pdf|Annual Budget
BR2026_0005|2026|Revenue|Local Taxes / Rates|Mining|41811033.0|Revised Budget|"005 | Mining/Plant | 34,673,000 | 41,050,832 | 41,811,033"|Approved Budget 2026|https://www.mufuliracouncil.gov.zm/wp-content/uploads/2026/08/Mufulira-2026-OBB-Budget-17.12.2025.pdf|Annual Budget
BR2026_0006|2026|Revenue|Local Taxes / Rates||61955983.0|Revised Budget|"SubItem Total | 52,986,592 | 60,829,511 | 61,955,983"|Approved Budget 2026|https://www.mufuliracouncil.gov.zm/wp-content/uploads/2026/08/Mufulira-2026-OBB-Budget-17.12.2025.pdf|Annual Budget
BR2026_0007|2026|Revenue|Local Taxes / Rates|Levy|238704.0|Revised Budget|"001 | Personal levy | 217,003 | 234,363 | 238,704"|Approved Budget 2026|https://www.mufuliracouncil.gov.zm/wp-content/uploads/2026/08/Mufulira-2026-OBB-Budget-17.12.2025.pdf|Annual Budget
BR2026_0008|2026|Revenue|Local Taxes / Rates||238704.0|Revised Budget|"SubItem Total | 217,003 | 234,363 | 238,704"|Approved Budget 2026|https://www.mufuliracouncil.gov.zm/wp-content/uploads/2026/08/Mufulira-2026-OBB-Budget-17.12.2025.pdf|Annual Budget
BR2026_0010|2026|Revenue|Fees and Charges|Fees and Charges|2.0|Revised Budget|"02 | Fees and Charges"|Approved Budget 2026|https://www.mufuliracouncil.gov.zm/wp-content/uploads/2026/08/Mufulira-2026-OBB-Budget-17.12.2025.pdf|Annual Budget
BR2026_0011|2026|Revenue|Fees and Charges|Consent Fees|3410.0|Revised Budget|"001 | Consent fees | 3,100 | 3,348 | 3,410"|Approved Budget 2026|https://www.mufuliracouncil.gov.zm/wp-content/uploads/2026/08/Mufulira-2026-OBB-Budget-17.12.2025.pdf|Annual Budget
BR2026_0012|2026|Revenue|Fees and Charges|Survey Fees|236500.0|Revised Budget|"002 | Survey fees | 215,000 | 232,200 | 236,500"|Approved Budget 2026|https://www.mufuliracouncil.gov.zm/wp-content/uploads/2026/08/Mufulira-2026-OBB-Budget-17.12.2025.pdf|Annual Budget
BR2026_0013|2026|Revenue|Fees and Charges|Rent|1191630.0|Revised Budget|"007 | Rentals/lease of Council’s properties | 1,083,300 | 1,169,964 | 1,191,630"|Approved Budget 2026|https://www.mufuliracouncil.gov.zm/wp-content/uploads/2026/08/Mufulira-2026-OBB-Budget-17.12.2025.pdf|Annual Budget
BR2026_0014|2026|Revenue|Fees and Charges|Rent|295680.0|Revised Budget|"009 | Rentals from houses | 268,800 | 290,304 | 295,680"|Approved Budget 2026|https://www.mufuliracouncil.gov.zm/wp-content/uploads/2026/08/Mufulira-2026-OBB-Budget-17.12.2025.pdf|Annual Budget
BR2026_0015|2026|Revenue|Fees and Charges|Market Fees|1112155.0|Revised Budget|"013 | Market fees | 1,011,050 | 1,091,934 | 1,112,155"|Approved Budget 2026|https://www.mufuliracouncil.gov.zm/wp-content/uploads/2026/08/Mufulira-2026-OBB-Budget-17.12.2025.pdf|Annual Budget
BR2026_0016|2026|Revenue|Fees and Charges|Parking Fees|52360.0|Revised Budget|"014 | Parking fees | 47,600 | 51,408 | 52,360"|Approved Budget 2026|https://www.mufuliracouncil.gov.zm/wp-content/uploads/2026/08/Mufulira-2026-OBB-Budget-17.12.2025.pdf|Annual Budget
BR2026_0017|2026|Revenue|Fees and Charges|Other fees and charges|7188181.0|Revised Budget|"099 | Other fees and charges | 6,755,710 | 7,296,167 | 7,188,181"|Approved Budget 2026|https://www.mufuliracouncil.gov.zm/wp-content/uploads/2026/08/Mufulira-2026-OBB-Budget-17.12.2025.pdf|Annual Budget
BR2026_0018|2026|Revenue|Fees and Charges||15737988.0|Revised Budget|"SubItem Total | 14,264,857 | 15,612,461 | 15,737,988"|Approved Budget 2026|https://www.mufuliracouncil.gov.zm/wp-content/uploads/2026/08/Mufulira-2026-OBB-Budget-17.12.2025.pdf|Annual Budget
BR2026_0020|2026|Revenue|Fees and Charges|Licenses|3.0|Revised Budget|"03 | Licenses"|Approved Budget 2026|https://www.mufuliracouncil.gov.zm/wp-content/uploads/2026/08/Mufulira-2026-OBB-Budget-17.12.2025.pdf|Annual Budget
BR2026_0021|2026|Revenue|Fees and Charges|Liquor licence|88000.0|Revised Budget|"002 | Liquor licence | 80,000 | 86,400 | 88,000"|Approved Budget 2026|https://www.mufuliracouncil.gov.zm/wp-content/uploads/2026/08/Mufulira-2026-OBB-Budget-17.12.2025.pdf|Annual Budget
BR2026_0022|2026|Revenue|Fees and Charges|Petroleum Storage licence|177210.0|Revised Budget|"004 | Petroleum Storage licence | 161,100 | 173,988 | 177,210"|Approved Budget 2026|https://www.mufuliracouncil.gov.zm/wp-content/uploads/2026/08/Mufulira-2026-OBB-Budget-17.12.2025.pdf|Annual Budget
BR2026_0023|2026|Revenue|Fees and Charges|Other Licences|84344.0|Revised Budget|"099 | Other Licences | 76,676 | 82,810 | 84,344"|Approved Budget 2026|https://www.mufuliracouncil.gov.zm/wp-content/uploads/2026/08/Mufulira-2026-OBB-Budget-17.12.2025.pdf|Annual Budget
BR2026_0024|2026|Revenue|Fees and Charges||349554.0|Revised Budget|"SubItem Total | 317,776 | 343,198 | 349,554"|Approved Budget 2026|https://www.mufuliracouncil.gov.zm/wp-content/uploads/2026/08/Mufulira-2026-OBB-Budget-17.12.2025.pdf|Annual Budget
BR2026_0025|2026|Revenue|Fees and Charges|Levies|4.0|Revised Budget|"04 | Levies"|Approved Budget 2026|https://www.mufuliracouncil.gov.zm/wp-content/uploads/2026/08/Mufulira-2026-OBB-Budget-17.12.2025.pdf|Annual Budget
BR2026_0026|2026|Revenue|Fees and Charges|Levy|5907.0|Revised Budget|"004 | Pole levy | 5,370 | 5,800 | 5,907"|Approved Budget 2026|https://www.mufuliracouncil.gov.zm/wp-content/uploads/2026/08/Mufulira-2026-OBB-Budget-17.12.2025.pdf|Annual Budget
BR2026_0027|2026|Revenue|Fees and Charges|Levy|165000.0|Revised Budget|"010 | Timber Levy | 150,000 | 162,000 | 165,000"|Approved Budget 2026|https://www.mufuliracouncil.gov.zm/wp-content/uploads/2026/08/Mufulira-2026-OBB-Budget-17.12.2025.pdf|Annual Budget
BR2026_0028|2026|Revenue|Fees and Charges|Trading (Retail) chain stores and supermarkets|25669.0|Revised Budget|"020 | Trading (Retail) chain stores and supermarkets | 23,335 | 25,202 | 25,669"|Approved Budget 2026|https://www.mufuliracouncil.gov.zm/wp-content/uploads/2026/08/Mufulira-2026-OBB-Budget-17.12.2025.pdf|Annual Budget
BR2026_0029|2026|Revenue|Fees and Charges|Commercial Banks|26400.0|Revised Budget|"033 | Commercial Banks | 24,000 | 25,920 | 26,400"|Approved Budget 2026|https://www.mufuliracouncil.gov.zm/wp-content/uploads/2026/08/Mufulira-2026-OBB-Budget-17.12.2025.pdf|Annual Budget
BR2026_0030|2026|Revenue|Fees and Charges|Levies|398588.0|Revised Budget|"099 | Other levies | 167,350 | 388,588 | 398,588"|Approved Budget 2026|https://www.mufuliracouncil.gov.zm/wp-content/uploads/2026/08/Mufulira-2026-OBB-Budget-17.12.2025.pdf|Annual Budget
BR2026_0031|2026|Revenue|Fees and Charges||2143175.0|Revised Budget|"SubItem Total | 1,651,110 | 2,077,727 | 2,143,175"|Approved Budget 2026|https://www.mufuliracouncil.gov.zm/wp-content/uploads/2026/08/Mufulira-2026-OBB-Budget-17.12.2025.pdf|Annual Budget
BR2026_0032|2026|Revenue|Fees and Charges|Permits|5.0|Revised Budget|"05 | Permits"|Approved Budget 2026|https://www.mufuliracouncil.gov.zm/wp-content/uploads/2026/08/Mufulira-2026-OBB-Budget-17.12.2025.pdf|Annual Budget
BR2026_0033|2026|Revenue|Fees and Charges|Health permits|1051542.0|Revised Budget|"001 | Health permits | 955,947 | 1,032,423 | 1,051,542"|Approved Budget 2026|https://www.mufuliracouncil.gov.zm/wp-content/uploads/2026/08/Mufulira-2026-OBB-Budget-17.12.2025.pdf|Annual Budget
BR2026_0034|2026|Revenue|Fees and Charges|Burial permits and grave sites|822668.0|Revised Budget|"008 | Burial permits and grave sites | 747,880 | 807,710 | 822,668"|Approved Budget 2026|https://www.mufuliracouncil.gov.zm/wp-content/uploads/2026/08/Mufulira-2026-OBB-Budget-17.12.2025.pdf|Annual Budget
BR2026_0035|2026|Revenue|Fees and Charges||3140845.0|Revised Budget|"SubItem Total | 2,870,814 | 3,083,739 | 3,140,845"|Approved Budget 2026|https://www.mufuliracouncil.gov.zm/wp-content/uploads/2026/08/Mufulira-2026-OBB-Budget-17.12.2025.pdf|Annual Budget
BR2026_0036|2026|Revenue|Fees and Charges|Premium Plot Commercial|390500.0|Revised Budget|"004 | Premium Plot Commercial | 355,000 | 383,400 | 390,500"|Approved Budget 2026|https://www.mufuliracouncil.gov.zm/wp-content/uploads/2026/08/Mufulira-2026-OBB-Budget-17.12.2025.pdf|Annual Budget
BR2026_0037|2026|Revenue|Fees and Charges||3238950.0|Revised Budget|"SubItem Total | 2,944,500 | 3,180,060 | 3,238,950"|Approved Budget 2026|https://www.mufuliracouncil.gov.zm/wp-content/uploads/2026/08/Mufulira-2026-OBB-Budget-17.12.2025.pdf|Annual Budget
BR2026_0038|2026|Revenue|Fees and Charges||8250.0|Revised Budget|"SubItem Total | 7,500 | 8,100 | 8,250"|Approved Budget 2026|https://www.mufuliracouncil.gov.zm/wp-content/uploads/2026/08/Mufulira-2026-OBB-Budget-17.12.2025.pdf|Annual Budget
BR2026_0039|2026|Revenue|LGEF|Local Government Equalisation Fund|14044287.0|Revised Budget|"004 | Local Government Equalisation Fund | 12,767,534 | 13,788,937 | 14,044,287"|Approved Budget 2026|https://www.mufuliracouncil.gov.zm/wp-content/uploads/2026/08/Mufulira-2026-OBB-Budget-17.12.2025.pdf|Annual Budget
BR2026_0040|2026|Revenue|Grants||28242716.0|Revised Budget|"SubItem Total | 26,965,963 | 27,987,366 | 28,242,716"|Approved Budget 2026|https://www.mufuliracouncil.gov.zm/wp-content/uploads/2026/08/Mufulira-2026-OBB-Budget-17.12.2025.pdf|Annual Budget
BR2026_0042|2026|Revenue|Grants||132000000.0|Revised Budget|"SubItem Total | 120,097,650 | 129,600,000 | 132,000,000"|Approved Budget 2026|https://www.mufuliracouncil.gov.zm/wp-content/uploads/2026/08/Mufulira-2026-OBB-Budget-17.12.2025.pdf|Annual Budget
BR2026_0043|2026|Budget|Grants|No|2026.0|Approved Budget|"No | ECONOMIC CLASSIFICATION | 2024 APPROVED BUDGET (K) | 2025 APPROVED BUDGET (K) | 2026 BUDGET ESTIMATE (K)"|Approved Budget 2026|https://www.mufuliracouncil.gov.zm/wp-content/uploads/2026/08/Mufulira-2026-OBB-Budget-17.12.2025.pdf|Annual Budget
BR2026_0044|2026|Revenue|Personal Emoluments|Rent|5.3959321444218|Approved Budget|"21 22 25 26 27 31 32 41 42 | Personal Emoluments Goods and Services Social Assistance Benefits Grants and Other Payments(Transfers) Subsidies to Non-Financial Enterprises Non-Financial Assets Financial Assets Current Liabilities (Payable within one year) Long term Liabilities- payable for more than one year | 28,984,432 23,697,736 (0) 17,462,316 17,462,316 56,217,033 (0) 4,146,453 707,513 | 34,026,359 56,623,794 10,714,844 18,586,338 18,586,338 61,395,093 (0) 18,557,639 - | 53,959,321 44,421,798 4,967,420 8,277,726 20,694,314 72,324,597 12,416,589 5,262,000 (0)"|Approved Budget 2026|https://www.mufuliracouncil.gov.zm/wp-content/uploads/2026/08/Mufulira-2026-OBB-Budget-17.12.2025.pdf|Annual Budget
BR2026_0045|2026|Budget|Personal Emoluments|Code|2026.0|Approved Budget|"Code | Programme | 2024 Approved Budget(K) | 2025 Approved Budget(K) | 2026 Budget Estimates(K)"|Approved Budget 2026|https://www.mufuliracouncil.gov.zm/wp-content/uploads/2026/08/Mufulira-2026-OBB-Budget-17.12.2025.pdf|Annual Budget
BR2026_0046|2026|Budget|Personal Emoluments|PROGRAMME/SUB-PROGRAMME|2026.0|Approved Budget|"PROGRAMME/SUB-PROGRAMME | 2024 BUDGET | 2025 BUDGET | 2026 BUDGET"|Approved Budget 2026|https://www.mufuliracouncil.gov.zm/wp-content/uploads/2026/08/Mufulira-2026-OBB-Budget-17.12.2025.pdf|Annual Budget
BR2026_0047|2026|Budget|Personal Emoluments|ECONOMIC CLASSIFICATION|2026.0|Approved Budget|"ECONOMIC CLASSIFICATION | 2024 BUDGET | 2025 BUDGET | 2026 BUDGET"|Approved Budget 2026|https://www.mufuliracouncil.gov.zm/wp-content/uploads/2026/08/Mufulira-2026-OBB-Budget-17.12.2025.pdf|Annual Budget
BR2026_0048|2026|Expenditure|Expenditure|02Use of Goods and Services 02General Operations 03Transfers 01Transfers 02Subsidies 04Assets 01Non-Financial Assets (Capital Expenditure) 02Financial Assets|1.6626078166260785|Approved Budget|"02Use of Goods and Services 02General Operations 03Transfers 01Transfers 02Subsidies 04Assets 01Non-Financial Assets (Capital Expenditure) 02Financial Assets | 4,595,346 4,595,346 34,924,632 17,462,316 17,462,316 52,386,948 52,386,948 - | - - - - - - - - | 15,242,764 | - | 16,626,078 16,626,078 28,972,040 8,277,726 20,694,314 74,499,532 62,082,943 12,416,589"|Approved Budget 2026|https://www.mufuliracouncil.gov.zm/wp-content/uploads/2026/08/Mufulira-2026-OBB-Budget-17.12.2025.pdf|Annual Budget
BR2026_0049|2026|Budget|Expenditure|PROGRAMME/SUBPROGRAMME|2026.0|Approved Budget|"PROGRAMME/SUBPROGRAMME | 2024 BUDGET | 2025 BUDGET | 2026 BUDGET"|Approved Budget 2026|https://www.mufuliracouncil.gov.zm/wp-content/uploads/2026/08/Mufulira-2026-OBB-Budget-17.12.2025.pdf|Annual Budget
BR2026_0050|2026|Budget|Grants|ECONOMIC CLASSIFICATION|2026.0|Actual|"ECONOMIC CLASSIFICATION | 2024 BUDGET | 2025 BUDGET | 2026 BUDGET"|Approved Budget 2026|https://www.mufuliracouncil.gov.zm/wp-content/uploads/2026/08/Mufulira-2026-OBB-Budget-17.12.2025.pdf|Annual Budget
BR2026_0051|2026|Expenditure|Expenditure|01Personal Emoluments 01Salaries and Wages 02Other Emoluments 03Personnel Related Costs 02Use of Goods and Services 02General Operations 04Assets 01Non-Financial Assets (Capital Expenditure)|2.4067079491871755|Approved Budget|"01Personal Emoluments 01Salaries and Wages 02Other Emoluments 03Personnel Related Costs 02Use of Goods and Services 02General Operations 04Assets 01Non-Financial Assets (Capital Expenditure) | - - - - 2,804,510 2,804,510 465,813 465,813 | - - - - - - - - | 192,937 | - | 2,406,707 949,187 17,520 1,440,000 1,709,809 1,709,809 37,870 37,870"|Approved Budget 2026|https://www.mufuliracouncil.gov.zm/wp-content/uploads/2026/08/Mufulira-2026-OBB-Budget-17.12.2025.pdf|Annual Budget
BR2026_0052|2026|Budget|Expenditure|ECONOMIC CLASSIFICATION|2026.0|Actual|"ECONOMIC CLASSIFICATION | 2024 BUDGET | 2025 BUDGET | 2026 BUDGET"|Approved Budget 2026|https://www.mufuliracouncil.gov.zm/wp-content/uploads/2026/08/Mufulira-2026-OBB-Budget-17.12.2025.pdf|Annual Budget
BR2026_0053|2026|Expenditure|Expenditure|01Personal Emoluments 01Salaries and Wages 02Use of Goods and Services 02General Operations 04Assets 01Non-Financial Assets (Capital Expenditure)|2.5252772525277676|Approved Budget|"01Personal Emoluments 01Salaries and Wages 02Use of Goods and Services 02General Operations 04Assets 01Non-Financial Assets (Capital Expenditure) | - - 66,890 66,890 - - | - - - - - - | 728,833 | - | 2,525,277 2,525,277 667,229 667,229 381,025 381,025"|Approved Budget 2026|https://www.mufuliracouncil.gov.zm/wp-content/uploads/2026/08/Mufulira-2026-OBB-Budget-17.12.2025.pdf|Annual Budget
BR2026_0054|2026|Expenditure|Expenditure|01Personal Emoluments 01Salaries and Wages 02Use of Goods and Services 02General Operations 04Assets 01Non-Financial Assets (Capital Expenditure)|7.353077353073946|Approved Budget|"01Personal Emoluments 01Salaries and Wages 02Use of Goods and Services 02General Operations 04Assets 01Non-Financial Assets (Capital Expenditure) | - - - - - - | - - - - - - | - | - | 735,307 735,307 394,540 394,540 741,000 741,000"|Approved Budget 2026|https://www.mufuliracouncil.gov.zm/wp-content/uploads/2026/08/Mufulira-2026-OBB-Budget-17.12.2025.pdf|Annual Budget
BR2026_0055|2026|Revenue|Expenditure|Council Commercial ventures revamped 01 Number of Council Commercial ventures revamped|1.0|Actual|"Council Commercial ventures revamped 01 Number of Council Commercial ventures revamped | (0) | (0) | (0) | (0) | 1"|Approved Budget 2026|https://www.mufuliracouncil.gov.zm/wp-content/uploads/2026/08/Mufulira-2026-OBB-Budget-17.12.2025.pdf|Annual Budget
BR2026_0056|2026|Revenue|Expenditure|Levy|1400.0|Actual|"Businesses Registered 01 Number of business levy certificates issued | (0) | (0) | 1,722 | 1,400 | 1,400"|Approved Budget 2026|https://www.mufuliracouncil.gov.zm/wp-content/uploads/2026/08/Mufulira-2026-OBB-Budget-17.12.2025.pdf|Annual Budget
BR2026_0057|2026|Expenditure|Expenditure|01Personal Emoluments 01Salaries and Wages 02Use of Goods and Services 02General Operations 04Assets 01Non-Financial Assets (Capital Expenditure)|2.7972542797254194|Approved Budget|"01Personal Emoluments 01Salaries and Wages 02Use of Goods and Services 02General Operations 04Assets 01Non-Financial Assets (Capital Expenditure) | - - 3,000,391 3,000,391 117,950 117,950 | - - - - - - | 789,043 | - | 2,797,254 2,797,254 1,913,120 1,913,120 859,087 859,087"|Approved Budget 2026|https://www.mufuliracouncil.gov.zm/wp-content/uploads/2026/08/Mufulira-2026-OBB-Budget-17.12.2025.pdf|Annual Budget
BR2026_0058|2026|Expenditure|Expenditure|01Personal Emoluments 01Salaries and Wages 02Use of Goods and Services 02General Operations 04Assets 01Non-Financial Assets (Capital Expenditure)|6.17029261702928|Approved Budget|"01Personal Emoluments 01Salaries and Wages 02Use of Goods and Services 02General Operations 04Assets 01Non-Financial Assets (Capital Expenditure) | 5,629,740 5,629,740 3,924,100 3,924,100 102,840 102,840 | - - - - - - | 4,805,149 | - | 6,170,292 6,170,292 7,949,362 7,949,362 1,702,602 1,702,602"|Approved Budget 2026|https://www.mufuliracouncil.gov.zm/wp-content/uploads/2026/08/Mufulira-2026-OBB-Budget-17.12.2025.pdf|Annual Budget
BR2026_0059|2026|Revenue|Expenditure|6 Housing and Community Amenities 001General Adminstration 007Parks and Gardens 012Markets and Bus Stations 017Settlements 026Public Housing 029Roads and Drainages 031Street Lighting 034Water Supply and Sanitation Services 041Fire Protection Services|1.5822256562002615|Approved Budget|"6 Housing and Community Amenities 001General Adminstration 007Parks and Gardens 012Markets and Bus Stations 017Settlements 026Public Housing 029Roads and Drainages 031Street Lighting 034Water Supply and Sanitation Services 041Fire Protection Services | 9,656,680 (0) 515,950 - - - 6,702,570 813,105 - 1,625,055 | (0) (0) (0) (0) (0) (0) (0) (0) (0) | 13,304,768 - 503,565 61,680 45,820 1,004,762 5,572,445 384,959 547,715 5,183,822 | (0) (0) (0) (0) (0) (0) (0) (0) (0) | 15,822,256 562,002 614,445 479,624 881,931 2,443,014 6,068,879 1,362,108 248,737 3,161,518"|Approved Budget 2026|https://www.mufuliracouncil.gov.zm/wp-content/uploads/2026/08/Mufulira-2026-OBB-Budget-17.12.2025.pdf|Annual Budget
BR2026_0060|2026|Revenue|Expenditure|Markets Lighting System Rehabilitated 01 Number of flood lights rehabilitated 02 Number of security lights rehabilitated|580.0|Actual|"Markets Lighting System Rehabilitated 01 Number of flood lights rehabilitated 02 Number of security lights rehabilitated | (0) (0) | (0) (0) | 5 80 | 4 50 | 5 80"|Approved Budget 2026|https://www.mufuliracouncil.gov.zm/wp-content/uploads/2026/08/Mufulira-2026-OBB-Budget-17.12.2025.pdf|Annual Budget
BR2026_0061|2026|Revenue|Expenditure|Bus Station Lighting System Rehabilitated 01 Number of security lights rehabilitated|5.0|Actual|"Bus Station Lighting System Rehabilitated 01 Number of security lights rehabilitated | (0) | (0) | 5 | 5 | 5"|Approved Budget 2026|https://www.mufuliracouncil.gov.zm/wp-content/uploads/2026/08/Mufulira-2026-OBB-Budget-17.12.2025.pdf|Annual Budget
BR2026_0062|2026|Revenue|Expenditure|Market Shelters Rehabilitated 01 Number of market shelters rehabilitated|1.0|Actual|"Market Shelters Rehabilitated 01 Number of market shelters rehabilitated | - | (0) | 2 | 2 | 1"|Approved Budget 2026|https://www.mufuliracouncil.gov.zm/wp-content/uploads/2026/08/Mufulira-2026-OBB-Budget-17.12.2025.pdf|Annual Budget
BR2026_0063|2026|Expenditure|Expenditure|01Personal Emoluments 01Salaries and Wages 02Use of Goods and Services 02General Operations 04Assets 01Non-Financial Assets (Capital Expenditure)|8.673238673232317|Approved Budget|"01Personal Emoluments 01Salaries and Wages 02Use of Goods and Services 02General Operations 04Assets 01Non-Financial Assets (Capital Expenditure) | - - 51,338 51,338 17,800 17,800 | - - - - - - | 1,139,012 | - | 867,323 867,323 2,316,808 2,316,808 64,655 64,655"|Approved Budget 2026|https://www.mufuliracouncil.gov.zm/wp-content/uploads/2026/08/Mufulira-2026-OBB-Budget-17.12.2025.pdf|Annual Budget
BR2026_0064|2026|Expenditure|Expenditure|01Personal Emoluments 01Salaries and Wages 02Use of Goods and Services 02General Operations 04Assets 01Non-Financial Assets (Capital Expenditure)|1.4375341437534124|Approved Budget|"01Personal Emoluments 01Salaries and Wages 02Use of Goods and Services 02General Operations 04Assets 01Non-Financial Assets (Capital Expenditure) | - - 197,815 197,815 204,033 204,033 | - - - - - - | 346,886 | - | 1,437,534 1,437,534 100,161 100,161"|Approved Budget 2026|https://www.mufuliracouncil.gov.zm/wp-content/uploads/2026/08/Mufulira-2026-OBB-Budget-17.12.2025.pdf|Annual Budget
BR2026_0065|2026|Expenditure|Expenditure|01Personal Emoluments 01Salaries and Wages 02Use of Goods and Services 02General Operations 04Assets 01Non-Financial Assets (Capital Expenditure)|7.843707843702173|Approved Budget|"01Personal Emoluments 01Salaries and Wages 02Use of Goods and Services 02General Operations 04Assets 01Non-Financial Assets (Capital Expenditure) | - - 371,880 371,880 - - | - - - - - - | 133,698 | - | 784,370 784,370 217,036 217,036 753,634 753,634"|Approved Budget 2026|https://www.mufuliracouncil.gov.zm/wp-content/uploads/2026/08/Mufulira-2026-OBB-Budget-17.12.2025.pdf|Annual Budget
BR2026_0066|2026|Expenditure|Expenditure|01Personal Emoluments 01Salaries and Wages 02Other Emoluments 03Personnel Related Costs 02Use of Goods and Services 02General Operations 04Assets 01Non-Financial Assets (Capital Expenditure) 05Liabilities 01 Outstanding Bills|3.0728707227140184|Approved Budget|"01Personal Emoluments 01Salaries and Wages 02Other Emoluments 03Personnel Related Costs 02Use of Goods and Services 02General Operations 04Assets 01Non-Financial Assets (Capital Expenditure) 05Liabilities 01 Outstanding Bills | 23,354,692 23,354,692 - - 8,587,975 8,587,975 2,981,650 2,981,650 4,853,966 4,853,966 | - - - - - - - - - - | 21,859,855 | - | 30,728,707 22,714,018 1,768,900 6,245,789 5,159,502 5,159,502 613,680 613,680 5,262,000 5,262,000"|Approved Budget 2026|https://www.mufuliracouncil.gov.zm/wp-content/uploads/2026/08/Mufulira-2026-OBB-Budget-17.12.2025.pdf|Annual Budget
BR2026_0067|2026|Budget|Expenditure|Financial Reports Prepared 01 Number of annual budget prepared 02 Number of financial reports prepared 03 Number of financial statements prepared 04 Number of Bi-Annual fiscal reports prepared 05 Number of quarterly financial reports|11124.0|Actual|"Financial Reports Prepared 01 Number of annual budget prepared 02 Number of financial reports prepared 03 Number of financial statements prepared 04 Number of Bi-Annual fiscal reports prepared 05 Number of quarterly financial reports | - (0) (0) (0) (0) | (0) (0) (0) (0) (0) | 1 1 1 (0) (0) | 1 1 1 (0) (0) | 1 1 1 2 4"|Approved Budget 2026|https://www.mufuliracouncil.gov.zm/wp-content/uploads/2026/08/Mufulira-2026-OBB-Budget-17.12.2025.pdf|Annual Budget
BR2026_0068|2026|Expenditure|Expenditure|01Personal Emoluments 01Salaries and Wages 02Use of Goods and Services 02General Operations 04Assets 01Non-Financial Assets (Capital Expenditure)|5.506551550655117|Approved Budget|"01Personal Emoluments 01Salaries and Wages 02Use of Goods and Services 02General Operations 04Assets 01Non-Financial Assets (Capital Expenditure) | - - - - - - | - - - - - - | 4,030,947 | - | 5,506,551 5,506,551 1,615,755 1,615,755 1,887,514 1,887,514"|Approved Budget 2026|https://www.mufuliracouncil.gov.zm/wp-content/uploads/2026/08/Mufulira-2026-OBB-Budget-17.12.2025.pdf|Annual Budget
BR2026_0069|2026|Revenue|Expenditure|Revenue Mobilisation 01 Number of revenue spot checks conducted|12.0|Actual|"Revenue Mobilisation 01 Number of revenue spot checks conducted | (0) | (0) | 12 | 9 | 12"|Approved Budget 2026|https://www.mufuliracouncil.gov.zm/wp-content/uploads/2026/08/Mufulira-2026-OBB-Budget-17.12.2025.pdf|Annual Budget
BR2026_0070|2026|Budget|Goods and Services|PROGRAMME/SUBPROGRAMME|2026.0|Approved Budget|"PROGRAMME/SUBPROGRAMME | 2024 BUDGET | 2025 BUDGET | 2026 BUDGET"|Approved Budget 2026|https://www.mufuliracouncil.gov.zm/wp-content/uploads/2026/08/Mufulira-2026-OBB-Budget-17.12.2025.pdf|Annual Budget
BR2026_0071|2026|Budget|Goods and Services|ECONOMIC CLASSIFICATION|2026.0|Actual|"ECONOMIC CLASSIFICATION | 2024 BUDGET | 2025 BUDGET | 2026 BUDGET"|Approved Budget 2026|https://www.mufuliracouncil.gov.zm/wp-content/uploads/2026/08/Mufulira-2026-OBB-Budget-17.12.2025.pdf|Annual Budget
BR2026_0072|2026|Expenditure|Expenditure|04Assets 01Non-Financial Assets (Capital Expenditure)|32005873200587.0|Approved Budget|"04Assets 01Non-Financial Assets (Capital Expenditure) | - - | - - | 3,200,587 | - | 3,200,587 3,200,587"|Approved Budget 2026|https://www.mufuliracouncil.gov.zm/wp-content/uploads/2026/08/Mufulira-2026-OBB-Budget-17.12.2025.pdf|Annual Budget
BR2026_0073|2026|Revenue|Goods and Services|Agricultural Marketing Database Created and Maintained 01 Number of market visits conducted 02 Number of market bulletins compiled|5212.0|Actual|"Agricultural Marketing Database Created and Maintained 01 Number of market visits conducted 02 Number of market bulletins compiled | (0) (0) | (0) (0) | 52 12 | 40 9 | 52 12"|Approved Budget 2026|https://www.mufuliracouncil.gov.zm/wp-content/uploads/2026/08/Mufulira-2026-OBB-Budget-17.12.2025.pdf|Annual Budget
BR2026_0074|2026|Revenue|Goods and Services|Market Bulletins Produced and Disseminated 01 Number of fisheries and livestock bulletins produced and disseminated|12.0|Actual|"Market Bulletins Produced and Disseminated 01 Number of fisheries and livestock bulletins produced and disseminated | (0) | (0) | 12 | 9 | 12"|Approved Budget 2026|https://www.mufuliracouncil.gov.zm/wp-content/uploads/2026/08/Mufulira-2026-OBB-Budget-17.12.2025.pdf|Annual Budget
BR2026_0075|2026|Revenue|Goods and Services|Livestock Market Established At Mokambo Border Post 01 Number of stakeholder engagement meetings conducted 02 Number of site visits conducted 03 Number of market linkages established|441.0|Actual|"Livestock Market Established At Mokambo Border Post 01 Number of stakeholder engagement meetings conducted 02 Number of site visits conducted 03 Number of market linkages established | (0) (0) (0) | (0) (0) (0) | 4 4 1 | 3 3 1 | 4 4 1"|Approved Budget 2026|https://www.mufuliracouncil.gov.zm/wp-content/uploads/2026/08/Mufulira-2026-OBB-Budget-17.12.2025.pdf|Annual Budget
